<?xml version="1.0" encoding="UTF-8"?>
<metadata xml:lang="en"><Esri><CreaDate>20190416</CreaDate><CreaTime>23361700</CreaTime><ArcGISFormat>1.0</ArcGISFormat><SyncOnce>FALSE</SyncOnce><DataProperties><lineage><Process ToolSource="C:\Program Files\ArcGIS\Desktop10.0\ArcToolbox\Toolboxes\Data Management Tools.tbx\DefineProjection" Date="20140219" Time="083827">DefineProjection batimetri GEOGCS['GCS_WGS_1984',DATUM['D_WGS_1984',SPHEROID['WGS_1984',6378137.0,298.257223563]],PRIMEM['Greenwich',0.0],UNIT['Degree',0.0174532925199433]]</Process><Process ToolSource="C:\Program Files\ArcGIS\Desktop10.0\ArcToolbox\Toolboxes\Data Management Tools.tbx\Project" Date="20140317" Time="103429">Project Batimetri_line "G:\PROYEK 2014\RZWP3K KW BARAT\Peta\SHP\Tematik\Batimetri\Konturl.shp" PROJCS['WGS_1984_UTM_Zone_49S',GEOGCS['GCS_WGS_1984',DATUM['D_WGS_1984',SPHEROID['WGS_1984',6378137.0,298.257223563]],PRIMEM['Greenwich',0.0],UNIT['Degree',0.0174532925199433]],PROJECTION['Transverse_Mercator'],PARAMETER['False_Easting',500000.0],PARAMETER['False_Northing',10000000.0],PARAMETER['Central_Meridian',111.0],PARAMETER['Scale_Factor',0.9996],PARAMETER['Latitude_Of_Origin',0.0],UNIT['Meter',1.0]] # GEOGCS['GCS_WGS_1984',DATUM['D_WGS_1984',SPHEROID['WGS_1984',6378137.0,298.257223563]],PRIMEM['Greenwich',0.0],UNIT['Degree',0.0174532925199433]]</Process><Process ToolSource="C:\Program Files\ArcGIS\Desktop10.0\ArcToolbox\Toolboxes\Data Management Tools.tbx\CalculateField" Date="20140625" Time="002634">CalculateField Konturl Kontur [ID] VB #</Process><Process ToolSource="c:\program files (x86)\arcgis\desktop10.1\ArcToolbox\Toolboxes\Analysis Tools.tbx\Clip" Date="20150227" Time="120450">Clip Konturl Land_sea "G:\PROYEK 2014\RZWP3K KW BARAT\Peta\SHP\IDENTITIFIKASI RUSAK\Konturl.shp" #</Process><Process ToolSource="c:\program files (x86)\arcgis\desktop10.1\ArcToolbox\Toolboxes\Data Management Tools.tbx\CalculateField" Date="20150411" Time="145117">CalculateField Konturl_kb Bati [Kontur] VB #</Process><Process ToolSource="c:\program files (x86)\arcgis\desktop10.1\ArcToolbox\Toolboxes\Data Management Tools.tbx\CalculateField" Date="20150411" Time="155718">CalculateField Kontur_nol Kontur [Bati] VB #</Process><Process ToolSource="c:\program files (x86)\arcgis\desktop10.1\ArcToolbox\Toolboxes\Analysis Tools.tbx\Buffer" Date="20150411" Time="212808">Buffer Kontur_nol C:\Users\bahar1\Documents\ArcGIS\Default.gdb\Kontur_nol_Buffer "12 NauticalMiles" FULL ROUND NONE #</Process><Process ToolSource="c:\program files (x86)\arcgis\desktop10.1\ArcToolbox\Toolboxes\Data Management Tools.tbx\CalculateField" Date="20150411" Time="221437">CalculateField 12_NM-Surut_Terendah Toponimi "Daratan Utama" VB #</Process><Process ToolSource="c:\program files (x86)\arcgis\desktop10.1\ArcToolbox\Toolboxes\Data Management Tools.tbx\CalculateField" Date="20150411" Time="221608">CalculateField 12_NM-Surut_Terendah Toponimi "Sungai" VB #</Process><Process ToolSource="c:\program files (x86)\arcgis\desktop10.1\ArcToolbox\Toolboxes\Data Management Tools.tbx\CalculateField" Date="20150411" Time="221642">CalculateField 12_NM-Surut_Terendah Toponimi "Pulau Dalam Sungai" VB #</Process><Process ToolSource="c:\program files (x86)\arcgis\desktop10.1\ArcToolbox\Toolboxes\Data Management Tools.tbx\CalculateField" Date="20150411" Time="221701">CalculateField 12_NM-Surut_Terendah Toponimi "Pulau Dalam Sungai" VB #</Process><Process ToolSource="c:\program files (x86)\arcgis\desktop10.1\ArcToolbox\Toolboxes\Data Management Tools.tbx\CalculateField" Date="20150411" Time="222516">CalculateField 12_NM-Surut_Terendah Toponimi "Pulau Dalam Sungai" VB #</Process><Process ToolSource="c:\program files (x86)\arcgis\desktop10.1\ArcToolbox\Toolboxes\Data Management Tools.tbx\CalculateField" Date="20150411" Time="222707">CalculateField 12_NM-Surut_Terendah Toponimi "Pulau" VB #</Process><Process ToolSource="c:\program files (x86)\arcgis\desktop10.1\ArcToolbox\Toolboxes\Data Management Tools.tbx\CalculateField" Date="20150411" Time="225418">CalculateField 12_NM-Surut_Terendah Toponimi "Sungai" VB #</Process><Process ToolSource="c:\program files (x86)\arcgis\desktop10.1\ArcToolbox\Toolboxes\Data Management Tools.tbx\CalculateField" Date="20150412" Time="114033">CalculateField 12_NM-Surut_Terendah Kabupaten "KABUPATEN SUKAMARA" VB #</Process><Process ToolSource="c:\program files (x86)\arcgis\desktop10.1\ArcToolbox\Toolboxes\Data Management Tools.tbx\CalculateField" Date="20150412" Time="114045">CalculateField 12_NM-Surut_Terendah Kabupaten "KABUPATEN SUKAMARA" VB #</Process><Process ToolSource="c:\program files (x86)\arcgis\desktop10.1\ArcToolbox\Toolboxes\Data Management Tools.tbx\CalculateField" Date="20150412" Time="114107">CalculateField 12_NM-Surut_Terendah Kabupaten "KABUPATEN KOTAWARINGIN BARAT" VB #</Process><Process ToolSource="c:\program files (x86)\arcgis\desktop10.1\ArcToolbox\Toolboxes\Data Management Tools.tbx\CalculateField" Date="20150412" Time="114126">CalculateField 12_NM-Surut_Terendah Kabupaten "KABUPATEN KOTAWARINGIN BARAT" VB #</Process><Process ToolSource="c:\program files (x86)\arcgis\desktop10.1\ArcToolbox\Toolboxes\Data Management Tools.tbx\CalculateField" Date="20150412" Time="114147">CalculateField 12_NM-Surut_Terendah Kabupaten "KABUPATEN KOTAWARINGIN BARAT" VB #</Process><Process ToolSource="c:\program files (x86)\arcgis\desktop10.1\ArcToolbox\Toolboxes\Data Management Tools.tbx\CalculateField" Date="20150412" Time="114212">CalculateField 12_NM-Surut_Terendah Kabupaten "KABUPATEN KOTAWARINGIN BARAT" VB #</Process><Process ToolSource="c:\program files (x86)\arcgis\desktop10.1\ArcToolbox\Toolboxes\Data Management Tools.tbx\CalculateField" Date="20150412" Time="114318">CalculateField 12_NM-Surut_Terendah Kabupaten "KABUPATEN KOTAWARINGIN TIMUR" VB #</Process><Process ToolSource="c:\program files (x86)\arcgis\desktop10.1\ArcToolbox\Toolboxes\Data Management Tools.tbx\CalculateField" Date="20150412" Time="114340">CalculateField 12_NM-Surut_Terendah Kabupaten "KABUPATEN KATINGAN" VB #</Process><Process ToolSource="c:\program files (x86)\arcgis\desktop10.1\ArcToolbox\Toolboxes\Data Management Tools.tbx\CalculateField" Date="20150412" Time="114538">CalculateField 12_NM-Surut_Terendah Kabupaten "KABUPATEN KAPUAS" VB #</Process><Process ToolSource="c:\program files (x86)\arcgis\desktop10.1\ArcToolbox\Toolboxes\Data Management Tools.tbx\CalculateField" Date="20150412" Time="114624">CalculateField 12_NM-Surut_Terendah Kabupaten "KABUPATEN PULANG PISAU" VB #</Process><Process ToolSource="c:\program files (x86)\arcgis\desktop10.1\ArcToolbox\Toolboxes\Data Management Tools.tbx\CalculateField" Date="20150412" Time="114642">CalculateField 12_NM-Surut_Terendah Kabupaten "KABUPATEN PULANG PISAU" VB #</Process><Process ToolSource="c:\program files (x86)\arcgis\desktop10.1\ArcToolbox\Toolboxes\Data Management Tools.tbx\CalculateField" Date="20150412" Time="115157">CalculateField 12_NM-Surut_Terendah Kecamatan "KECAMATAN KAPUAS KUALA" VB #</Process><Process ToolSource="c:\program files (x86)\arcgis\desktop10.1\ArcToolbox\Toolboxes\Data Management Tools.tbx\CalculateField" Date="20150412" Time="115305">CalculateField 12_NM-Surut_Terendah Kecamatan "KECAMATAN KAHAYAN KUALA" VB #</Process><Process ToolSource="c:\program files (x86)\arcgis\desktop10.1\ArcToolbox\Toolboxes\Data Management Tools.tbx\CalculateField" Date="20150412" Time="115324">CalculateField 12_NM-Surut_Terendah Kecamatan "KECAMATAN SEBANGAU KUALA" VB #</Process><Process ToolSource="c:\program files (x86)\arcgis\desktop10.1\ArcToolbox\Toolboxes\Data Management Tools.tbx\CalculateField" Date="20150412" Time="115344">CalculateField 12_NM-Surut_Terendah Kecamatan "KECAMATAN KATINGAN KUALA" VB #</Process><Process ToolSource="c:\program files (x86)\arcgis\desktop10.1\ArcToolbox\Toolboxes\Data Management Tools.tbx\CalculateField" Date="20150412" Time="115419">CalculateField 12_NM-Surut_Terendah Kecamatan "KECAMATAN PULAU HANAUT" VB #</Process><Process ToolSource="c:\program files (x86)\arcgis\desktop10.1\ArcToolbox\Toolboxes\Data Management Tools.tbx\CalculateField" Date="20150412" Time="115533">CalculateField 12_NM-Surut_Terendah Kecamatan "KECAMATAN SERUYAN HILIR" VB #</Process><Process ToolSource="c:\program files (x86)\arcgis\desktop10.1\ArcToolbox\Toolboxes\Data Management Tools.tbx\CalculateField" Date="20150412" Time="115617">CalculateField 12_NM-Surut_Terendah Kecamatan "KECAMATAN KUMAI" VB #</Process><Process ToolSource="c:\program files (x86)\arcgis\desktop10.1\ArcToolbox\Toolboxes\Data Management Tools.tbx\CalculateField" Date="20150412" Time="115746">CalculateField 12_NM-Surut_Terendah Kecamatan "KECAMATAN PANTAI JELAI" VB #</Process><Process ToolSource="c:\program files (x86)\arcgis\desktop10.1\ArcToolbox\Toolboxes\Data Management Tools.tbx\CalculateField" Date="20150412" Time="115802">CalculateField 12_NM-Surut_Terendah Kecamatan "KECAMATAN PANTAI LUNCI" VB #</Process><Process ToolSource="c:\program files (x86)\arcgis\desktop10.1\ArcToolbox\Toolboxes\Data Management Tools.tbx\CalculateField" Date="20150412" Time="115821">CalculateField 12_NM-Surut_Terendah Kecamatan "KECAMATAN JELAI" VB #</Process><Process ToolSource="c:\program files (x86)\arcgis\desktop10.1\ArcToolbox\Toolboxes\Data Management Tools.tbx\CalculateField" Date="20150412" Time="115852">CalculateField 12_NM-Surut_Terendah Kecamatan "KECAMATAN ARUT SELATAN" VB #</Process><Process ToolSource="c:\program files (x86)\arcgis\desktop10.1\ArcToolbox\Toolboxes\Data Management Tools.tbx\CalculateField" Date="20150412" Time="115907">CalculateField 12_NM-Surut_Terendah Kecamatan "KECAMATAN ARUT UTARA" VB #</Process><Process ToolSource="c:\program files (x86)\arcgis\desktop10.1\ArcToolbox\Toolboxes\Data Management Tools.tbx\CalculateField" Date="20150412" Time="133505">CalculateField LAND_SEA Kecamatan "KECAMATAN ARUT SELATAN" VB #</Process><Process ToolSource="c:\program files (x86)\arcgis\desktop10.1\ArcToolbox\Toolboxes\Data Management Tools.tbx\CalculateField" Date="20150412" Time="133530">CalculateField LAND_SEA Kecamatan "KECAMATAN ARUT SELATAN" VB #</Process><Process ToolSource="c:\program files (x86)\arcgis\desktop10.1\ArcToolbox\Toolboxes\Data Management Tools.tbx\CalculateField" Date="20150412" Time="205627">CalculateField Batas_Wilayah_Perencanaan Kec "Arut Selatan" VB #</Process><Process ToolSource="c:\program files (x86)\arcgis\desktop10.1\ArcToolbox\Toolboxes\Data Management Tools.tbx\CalculateField" Date="20150412" Time="205651">CalculateField Batas_Wilayah_Perencanaan Kec "Jelai" VB #</Process><Process ToolSource="c:\program files (x86)\arcgis\desktop10.1\ArcToolbox\Toolboxes\Data Management Tools.tbx\CalculateField" Date="20150412" Time="205709">CalculateField Batas_Wilayah_Perencanaan Kec "Kahayan Kuala" VB #</Process><Process ToolSource="c:\program files (x86)\arcgis\desktop10.1\ArcToolbox\Toolboxes\Data Management Tools.tbx\CalculateField" Date="20150412" Time="205728">CalculateField Batas_Wilayah_Perencanaan Kec "Kapuas Kuala" VB #</Process><Process ToolSource="c:\program files (x86)\arcgis\desktop10.1\ArcToolbox\Toolboxes\Data Management Tools.tbx\CalculateField" Date="20150412" Time="205750">CalculateField Batas_Wilayah_Perencanaan Kec "Katingan Kuala" VB #</Process><Process ToolSource="c:\program files (x86)\arcgis\desktop10.1\ArcToolbox\Toolboxes\Data Management Tools.tbx\CalculateField" Date="20150412" Time="210041">CalculateField Batas_Wilayah_Perencanaan Kec "Kumai" VB #</Process><Process ToolSource="c:\program files (x86)\arcgis\desktop10.1\ArcToolbox\Toolboxes\Data Management Tools.tbx\CalculateField" Date="20150412" Time="210108">CalculateField Batas_Wilayah_Perencanaan Kec "Pantai Lunci" VB #</Process><Process ToolSource="c:\program files (x86)\arcgis\desktop10.1\ArcToolbox\Toolboxes\Data Management Tools.tbx\CalculateField" Date="20150412" Time="210124">CalculateField Batas_Wilayah_Perencanaan Kec "Pulau Hanaut" VB #</Process><Process ToolSource="c:\program files (x86)\arcgis\desktop10.1\ArcToolbox\Toolboxes\Data Management Tools.tbx\CalculateField" Date="20150412" Time="210143">CalculateField Batas_Wilayah_Perencanaan Kec "Sebangau Kuala" VB #</Process><Process ToolSource="c:\program files (x86)\arcgis\desktop10.1\ArcToolbox\Toolboxes\Data Management Tools.tbx\CalculateField" Date="20150412" Time="210202">CalculateField Batas_Wilayah_Perencanaan Kec "Seruyan Hilir" VB #</Process><Process ToolSource="c:\program files (x86)\arcgis\desktop10.1\ArcToolbox\Toolboxes\Data Management Tools.tbx\CalculateField" Date="20150412" Time="210219">CalculateField Batas_Wilayah_Perencanaan Kec "Teluk Sampit" VB #</Process><Process ToolSource="c:\program files (x86)\arcgis\desktop10.2\ArcToolbox\Toolboxes\Data Management Tools.tbx\CalculateField" Date="20151213" Time="102951">CalculateField Batas_Wilayah_Perencanaan Kecamatan "KECAMATAN SERUYAN HILIR TIMUR" VB #</Process><Process ToolSource="c:\program files (x86)\arcgis\desktop10.2\ArcToolbox\Toolboxes\Data Management Tools.tbx\CalculateField" Date="20151213" Time="105420">CalculateField Batas_Wilayah_Perencanaan Kec "Mentaya Hilir Selatan" VB #</Process><Process ToolSource="c:\program files (x86)\arcgis\desktop10.2\ArcToolbox\Toolboxes\Data Management Tools.tbx\CalculateField" Date="20151213" Time="105455">CalculateField Batas_Wilayah_Perencanaan Kecamatan "KECAMATAN MENTAYA HILIR SELATAN" VB #</Process><Process ToolSource="c:\program files (x86)\arcgis\desktop10.2\ArcToolbox\Toolboxes\Data Management Tools.tbx\CalculateField" Date="20151213" Time="105521">CalculateField Batas_Wilayah_Perencanaan Kecamatan "KECAMATAN MENTAYA HILIR SELATAN" VB #</Process><Process ToolSource="c:\program files (x86)\arcgis\desktop10.2\ArcToolbox\Toolboxes\Data Management Tools.tbx\CalculateField" Date="20161001" Time="223534">CalculateField Batas_Administrasi_Kec_lama Kecamatan "KECAMATAN JELAI" VB #</Process><Process ToolSource="c:\program files (x86)\arcgis\desktop10.2\ArcToolbox\Toolboxes\Data Management Tools.tbx\CalculateField" Date="20161001" Time="223619">CalculateField Batas_Administrasi_Kec_lama Kabupaten "KABUPATEN SUKAMARA" VB #</Process><Process ToolSource="c:\program files (x86)\arcgis\desktop10.2\ArcToolbox\Toolboxes\Data Management Tools.tbx\CalculateField" Date="20161001" Time="223648">CalculateField Batas_Administrasi_Kec_lama Kecamatan "KECAMATAN PANTAI LUNCI" VB #</Process><Process ToolSource="c:\program files (x86)\arcgis\desktop10.2\ArcToolbox\Toolboxes\Data Management Tools.tbx\CalculateField" Date="20161001" Time="223748">CalculateField Batas_Administrasi_Kec_lama Kecamatan "KECAMATAN ARUT SELATAN" VB #</Process><Process ToolSource="c:\program files (x86)\arcgis\desktop10.2\ArcToolbox\Toolboxes\Data Management Tools.tbx\CalculateField" Date="20161001" Time="223804">CalculateField Batas_Administrasi_Kec_lama Kecamatan "KECAMATAN ARUT SELATAN" VB #</Process><Process ToolSource="c:\program files (x86)\arcgis\desktop10.2\ArcToolbox\Toolboxes\Data Management Tools.tbx\CalculateField" Date="20161001" Time="223848">CalculateField Batas_Administrasi_Kec_lama Kabupaten "KABUPATEN KOTAWARINGIN BARAT" VB #</Process><Process ToolSource="c:\program files (x86)\arcgis\desktop10.2\ArcToolbox\Toolboxes\Data Management Tools.tbx\CalculateField" Date="20161001" Time="223941">CalculateField Batas_Administrasi_Kec_lama Kecamatan "KECAMATAN KAPUAS KUALA" VB #</Process><Process ToolSource="c:\program files (x86)\arcgis\desktop10.2\ArcToolbox\Toolboxes\Data Management Tools.tbx\CalculateField" Date="20161001" Time="223954">CalculateField Batas_Administrasi_Kec_lama Kabupaten "KABUPATEN KAPUAS" VB #</Process><Process ToolSource="c:\program files (x86)\arcgis\desktop10.2\ArcToolbox\Toolboxes\Data Management Tools.tbx\CalculateField" Date="20161001" Time="224012">CalculateField Batas_Administrasi_Kec_lama Kecamatan "KECAMATAN SEBANGAU KUALA" VB #</Process><Process ToolSource="c:\program files (x86)\arcgis\desktop10.2\ArcToolbox\Toolboxes\Data Management Tools.tbx\CalculateField" Date="20161001" Time="224023">CalculateField Batas_Administrasi_Kec_lama Kabupaten "KABUPATEN PULANG PISAU" VB #</Process><Process ToolSource="c:\program files (x86)\arcgis\desktop10.2\ArcToolbox\Toolboxes\Data Management Tools.tbx\CalculateField" Date="20161001" Time="224115">CalculateField Batas_Administrasi_Kec_lama Kabupaten "KABUPATEN SERUYAN" VB #</Process><Process ToolSource="c:\program files (x86)\arcgis\desktop10.2\ArcToolbox\Toolboxes\Data Management Tools.tbx\CalculateField" Date="20161001" Time="224124">CalculateField Batas_Administrasi_Kec_lama Kecamatan "KECAMATAN SERUYAN HILIR TIMUR" VB #</Process><Process ToolSource="c:\program files (x86)\arcgis\desktop10.2\ArcToolbox\Toolboxes\Data Management Tools.tbx\CalculateField" Date="20161001" Time="224149">CalculateField Batas_Administrasi_Kec_lama Kabupaten "KABUPATEN KOTAWARINGIN TIMUR" VB #</Process><Process ToolSource="c:\program files (x86)\arcgis\desktop10.2\ArcToolbox\Toolboxes\Data Management Tools.tbx\CalculateField" Date="20161001" Time="224158">CalculateField Batas_Administrasi_Kec_lama Kecamatan "KECAMATAN TELUK SAMPIT" VB #</Process><Process ToolSource="c:\program files (x86)\arcgis\desktop10.2\ArcToolbox\Toolboxes\Data Management Tools.tbx\CalculateField" Date="20161001" Time="224307">CalculateField Batas_Administrasi_Kec_lama Kecamatan "KECAMATAN KATINGAN KUALA" VB #</Process><Process ToolSource="c:\program files (x86)\arcgis\desktop10.2\ArcToolbox\Toolboxes\Data Management Tools.tbx\CalculateField" Date="20161001" Time="224318">CalculateField Batas_Administrasi_Kec_lama Kabupaten "KABUPATEN KATINGAN" VB #</Process><Process ToolSource="c:\program files (x86)\arcgis\desktop10.2\ArcToolbox\Toolboxes\Data Management Tools.tbx\CalculateField" Date="20161001" Time="224500">CalculateField Batas_Administrasi_Kec_lama Kecamatan "KECAMATAN SERUYAN HILIR" VB #</Process><Process ToolSource="c:\program files (x86)\arcgis\desktop10.2\ArcToolbox\Toolboxes\Data Management Tools.tbx\CalculateField" Date="20161001" Time="224510">CalculateField Batas_Administrasi_Kec_lama Kabupaten "KABUPATEN SERUYAN" VB #</Process><Process ToolSource="c:\program files (x86)\arcgis\desktop10.2\ArcToolbox\Toolboxes\Data Management Tools.tbx\CalculateField" Date="20161001" Time="224548">CalculateField Batas_Administrasi_Kec_lama Kecamatan "KECAMATAN KUMAI" VB #</Process><Process ToolSource="c:\program files (x86)\arcgis\desktop10.2\ArcToolbox\Toolboxes\Data Management Tools.tbx\CalculateField" Date="20161001" Time="224608">CalculateField Batas_Administrasi_Kec_lama Kabupaten "KABUPATEN PULANG PISAU" VB #</Process><Process ToolSource="c:\program files (x86)\arcgis\desktop10.2\ArcToolbox\Toolboxes\Data Management Tools.tbx\CalculateField" Date="20161001" Time="224618">CalculateField Batas_Administrasi_Kec_lama Kecamatan "KECAMATAN SEBANGAU KUALA" VB #</Process><Process ToolSource="c:\program files (x86)\arcgis\desktop10.2\ArcToolbox\Toolboxes\Data Management Tools.tbx\CalculateField" Date="20161001" Time="224952">CalculateField Batas_Administrasi_Kec_lama Kecamatan "KECAMATAN ARUT SELATAN" VB #</Process><Process ToolSource="c:\program files (x86)\arcgis\desktop10.2\ArcToolbox\Toolboxes\Data Management Tools.tbx\CalculateField" Date="20161001" Time="225004">CalculateField Batas_Administrasi_Kec_lama Kabupaten "KABUPATEN KOTAWARINGIN BARAT" VB #</Process><Process ToolSource="c:\program files (x86)\arcgis\desktop10.2\ArcToolbox\Toolboxes\Data Management Tools.tbx\CalculateField" Date="20161001" Time="225034">CalculateField Batas_Administrasi_Kec_lama Kabupaten "KABUPATEN KOTAWARINGIN BARAT" VB #</Process><Process ToolSource="c:\program files (x86)\arcgis\desktop10.2\ArcToolbox\Toolboxes\Data Management Tools.tbx\CalculateField" Date="20161001" Time="225102">CalculateField Batas_Administrasi_Kec_lama Kabupaten "KABUPATEN KOTAWARINGIN BARAT" VB #</Process><Process ToolSource="c:\program files (x86)\arcgis\desktop10.2\ArcToolbox\Toolboxes\Data Management Tools.tbx\CalculateField" Date="20161001" Time="225117">CalculateField Batas_Administrasi_Kec_lama Kecamatan "KECAMATAN KUMAI" VB #</Process><Process ToolSource="c:\program files (x86)\arcgis\desktop10.2\ArcToolbox\Toolboxes\Data Management Tools.tbx\CalculateField" Date="20161001" Time="225205">CalculateField Batas_Administrasi_Kec_lama Kecamatan "KECAMATAN KUMAI" VB #</Process><Process ToolSource="c:\program files (x86)\arcgis\desktop10.2\ArcToolbox\Toolboxes\Data Management Tools.tbx\CalculateField" Date="20161001" Time="225221">CalculateField Batas_Administrasi_Kec_lama Kecamatan "KECAMATAN KUMAI" VB #</Process><Process ToolSource="c:\program files (x86)\arcgis\desktop10.2\ArcToolbox\Toolboxes\Data Management Tools.tbx\CalculateField" Date="20161001" Time="225329">CalculateField Batas_Administrasi_Kec_lama Kecamatan "KECAMATAN SERUYAN HILIR" VB #</Process><Process ToolSource="c:\program files (x86)\arcgis\desktop10.2\ArcToolbox\Toolboxes\Data Management Tools.tbx\CalculateField" Date="20161001" Time="225341">CalculateField Batas_Administrasi_Kec_lama Kecamatan "KECAMATAN SERUYAN HILIR" VB #</Process><Process ToolSource="c:\program files (x86)\arcgis\desktop10.2\ArcToolbox\Toolboxes\Data Management Tools.tbx\CalculateField" Date="20161001" Time="225351">CalculateField Batas_Administrasi_Kec_lama Kabupaten "KABUPATEN SERUYAN" VB #</Process><Process ToolSource="c:\program files (x86)\arcgis\desktop10.2\ArcToolbox\Toolboxes\Data Management Tools.tbx\CalculateField" Date="20161001" Time="225732">CalculateField Batas_Administrasi_Kec_lama Kabupaten "KABUPATEN SERUYAN" VB #</Process><Process ToolSource="c:\program files (x86)\arcgis\desktop10.2\ArcToolbox\Toolboxes\Data Management Tools.tbx\CalculateField" Date="20161001" Time="225740">CalculateField Batas_Administrasi_Kec_lama Kecamatan "KECAMATAN SERUYAN HILIR" VB #</Process><Process ToolSource="c:\program files (x86)\arcgis\desktop10.2\ArcToolbox\Toolboxes\Data Management Tools.tbx\CalculateField" Date="20161001" Time="225910">CalculateField Batas_Administrasi_Kec_lama Kabupaten "KABUPATEN KOTAWARINGIN TIMUR" VB #</Process><Process ToolSource="c:\program files (x86)\arcgis\desktop10.2\ArcToolbox\Toolboxes\Data Management Tools.tbx\CalculateField" Date="20161001" Time="225928">CalculateField Batas_Administrasi_Kec_lama Kecamatan "KECAMATAN PULAU HANAUT" VB #</Process><Process ToolSource="c:\program files (x86)\arcgis\desktop10.2\ArcToolbox\Toolboxes\Data Management Tools.tbx\CalculateField" Date="20161001" Time="230012">CalculateField Batas_Administrasi_Kec_lama Kecamatan "KECAMATAN PULAU HANAUT" VB #</Process><Process ToolSource="c:\program files (x86)\arcgis\desktop10.2\ArcToolbox\Toolboxes\Data Management Tools.tbx\CalculateField" Date="20161001" Time="230158">CalculateField Batas_Administrasi_Kec_lama Kecamatan "KECAMATAN KATINGAN KUALA" VB #</Process><Process ToolSource="c:\program files (x86)\arcgis\desktop10.2\ArcToolbox\Toolboxes\Data Management Tools.tbx\CalculateField" Date="20161001" Time="230215">CalculateField Batas_Administrasi_Kec_lama Kecamatan "KECAMATAN KATINGAN KUALA" VB #</Process><Process ToolSource="c:\program files (x86)\arcgis\desktop10.2\ArcToolbox\Toolboxes\Data Management Tools.tbx\CalculateField" Date="20161001" Time="230224">CalculateField Batas_Administrasi_Kec_lama Kabupaten "KABUPATEN KATINGAN" VB #</Process><Process ToolSource="c:\program files (x86)\arcgis\desktop10.2\ArcToolbox\Toolboxes\Data Management Tools.tbx\CalculateField" Date="20161001" Time="230320">CalculateField Batas_Administrasi_Kec_lama Kecamatan "KECAMATAN SEBANGAU KUALA" VB #</Process><Process ToolSource="c:\program files (x86)\arcgis\desktop10.2\ArcToolbox\Toolboxes\Data Management Tools.tbx\CalculateField" Date="20161001" Time="230330">CalculateField Batas_Administrasi_Kec_lama Kabupaten "KABUPATEN PULANG PISAU" VB #</Process><Process ToolSource="c:\program files (x86)\arcgis\desktop10.2\ArcToolbox\Toolboxes\Data Management Tools.tbx\CalculateField" Date="20161001" Time="230401">CalculateField Batas_Administrasi_Kec_lama Kabupaten "KABUPATEN PULANG PISAU" VB #</Process><Process ToolSource="c:\program files (x86)\arcgis\desktop10.2\ArcToolbox\Toolboxes\Data Management Tools.tbx\CalculateField" Date="20161001" Time="230503">CalculateField Batas_Administrasi_Kec_lama Kabupaten "KABUPATEN PULANG PISAU" VB #</Process><Process ToolSource="c:\program files (x86)\arcgis\desktop10.2\ArcToolbox\Toolboxes\Data Management Tools.tbx\CalculateField" Date="20161001" Time="230527">CalculateField Batas_Administrasi_Kec_lama Kecamatan "KECAMATAN KAHAYAN KUALA" VB #</Process><Process ToolSource="c:\program files (x86)\arcgis\desktop10.2\ArcToolbox\Toolboxes\Data Management Tools.tbx\CalculateField" Date="20161001" Time="230536">CalculateField Batas_Administrasi_Kec_lama Kecamatan "KECAMATAN KAHAYAN KUALA" VB #</Process><Process ToolSource="c:\program files (x86)\arcgis\desktop10.2\ArcToolbox\Toolboxes\Data Management Tools.tbx\CalculateField" Date="20161001" Time="230646">CalculateField Batas_Administrasi_Kec_lama Kecamatan "KECAMATAN KAPUAS KUALA" VB #</Process><Process ToolSource="c:\program files (x86)\arcgis\desktop10.2\ArcToolbox\Toolboxes\Data Management Tools.tbx\CalculateField" Date="20161001" Time="230813">CalculateField Batas_Administrasi_Kec_lama Kecamatan "KECAMATAN SERUYAN HILIR" VB #</Process><Process ToolSource="c:\program files (x86)\arcgis\desktop10.2\ArcToolbox\Toolboxes\Data Management Tools.tbx\CalculateField" Date="20161001" Time="230823">CalculateField Batas_Administrasi_Kec_lama Kabupaten "KABUPATEN SERUYAN" VB #</Process><Process ToolSource="c:\program files (x86)\arcgis\desktop10.2\ArcToolbox\Toolboxes\Data Management Tools.tbx\CalculateField" Date="20161001" Time="230930">CalculateField Batas_Administrasi_Kec_lama Kecamatan "KECAMATAN JELAI" VB #</Process><Process ToolSource="c:\program files (x86)\arcgis\desktop10.2\ArcToolbox\Toolboxes\Data Management Tools.tbx\CalculateField" Date="20161001" Time="231457">CalculateField Batas_Administrasi_Kec_lama Kecamatan "KECAMATAN KUMAI" VB #</Process><Process ToolSource="c:\program files (x86)\arcgis\desktop10.2\ArcToolbox\Toolboxes\Data Management Tools.tbx\CalculateField" Date="20161001" Time="231512">CalculateField Batas_Administrasi_Kec_lama Kecamatan "KECAMATAN KUMAI" VB #</Process><Process ToolSource="c:\program files (x86)\arcgis\desktop10.2\ArcToolbox\Toolboxes\Data Management Tools.tbx\CalculateField" Date="20161001" Time="231521">CalculateField Batas_Administrasi_Kec_lama Kabupaten "KABUPATEN KOTAWARINGIN BARAT" VB #</Process><Process ToolSource="c:\program files (x86)\arcgis\desktop10.2\ArcToolbox\Toolboxes\Data Management Tools.tbx\CalculateField" Date="20161001" Time="232502">CalculateField Batas_Administrasi_Kec_lama Kabupaten "KABUPATEN SERUYAN" VB #</Process><Process ToolSource="c:\program files (x86)\arcgis\desktop10.2\ArcToolbox\Toolboxes\Data Management Tools.tbx\CalculateField" Date="20161001" Time="232527">CalculateField Batas_Administrasi_Kec_lama Kabupaten "KABUPATEN KATINGAN" VB #</Process><Process ToolSource="c:\program files (x86)\arcgis\desktop10.2\ArcToolbox\Toolboxes\Data Management Tools.tbx\CalculateField" Date="20161001" Time="232542">CalculateField Batas_Administrasi_Kec_lama Kabupaten "KABUPATEN KAPUAS" VB #</Process><Process ToolSource="c:\program files (x86)\arcgis\desktop10.2\ArcToolbox\Toolboxes\Data Management Tools.tbx\CalculateField" Date="20161001" Time="232558">CalculateField Batas_Administrasi_Kec_lama Kabupaten "KABUPATEN SUKAMARA" VB #</Process><Process ToolSource="c:\program files (x86)\arcgis\desktop10.2\ArcToolbox\Toolboxes\Data Management Tools.tbx\CalculateField" Date="20161001" Time="232617">CalculateField Batas_Administrasi_Kec_lama Kabupaten "KABUPATEN KOTAWARINGIN BARAT" VB #</Process><Process ToolSource="c:\program files (x86)\arcgis\desktop10.2\ArcToolbox\Toolboxes\Data Management Tools.tbx\CalculateField" Date="20161001" Time="235150">CalculateField Batas_Administrasi Kec [Kec] VB #</Process><Process ToolSource="c:\program files (x86)\arcgis\desktop10.2\ArcToolbox\Toolboxes\Data Management Tools.tbx\CalculateField" Date="20161001" Time="235209">CalculateField Batas_Administrasi Kec [Kecamatan] VB #</Process><Process ToolSource="c:\program files (x86)\arcgis\desktop10.2\ArcToolbox\Toolboxes\Data Management Tools.tbx\CalculateField" Date="20161001" Time="235539">CalculateField Batas_Administrasi Kec "Pulau Hanaut" VB #</Process><Process ToolSource="c:\program files (x86)\arcgis\desktop10.5\ArcToolbox\Toolboxes\Data Management Tools.tbx\CalculateField" Date="20170411" Time="220620">CalculateField Renacana_Alokasi_Ruang Kawasan "Kawasan Pemanfaatan Umum" VB #</Process><Process ToolSource="c:\program files (x86)\arcgis\desktop10.5\ArcToolbox\Toolboxes\Data Management Tools.tbx\CalculateField" Date="20170411" Time="224243">CalculateField Renacana_Alokasi_Ruang Zona "Pertambangan" VB #</Process><Process ToolSource="c:\program files (x86)\arcgis\desktop10.5\ArcToolbox\Toolboxes\Data Management Tools.tbx\CalculateField" Date="20170411" Time="224258">CalculateField Renacana_Alokasi_Ruang Sub_Zona "Pertambangan Pasir" VB #</Process><Process ToolSource="c:\program files (x86)\arcgis\desktop10.5\ArcToolbox\Toolboxes\Data Management Tools.tbx\CalculateField" Date="20170412" Time="225201">CalculateField Rencana_Alokasi_Ruang Zona "Pariwisata" VB #</Process><Process ToolSource="c:\program files (x86)\arcgis\desktop10.5\ArcToolbox\Toolboxes\Data Management Tools.tbx\CalculateField" Date="20170412" Time="225216">CalculateField Rencana_Alokasi_Ruang Sub_Zona "Wisata Alam Pantai" VB #</Process><Process ToolSource="c:\program files (x86)\arcgis\desktop10.5\ArcToolbox\Toolboxes\Data Management Tools.tbx\CalculateField" Date="20170412" Time="230302">CalculateField Rencana_Alokasi_Ruang Sub_Zona "Tangkap II" VB #</Process><Process ToolSource="c:\program files (x86)\arcgis\desktop10.5\ArcToolbox\Toolboxes\Data Management Tools.tbx\CalculateField" Date="20170528" Time="190000">CalculateField Rencana_Alokasi_Ruang2 Zona "Pertambangan" VB #</Process><Process ToolSource="c:\program files (x86)\arcgis\desktop10.5\ArcToolbox\Toolboxes\Data Management Tools.tbx\CalculateField" Date="20170528" Time="190014">CalculateField Rencana_Alokasi_Ruang2 Sub_Zona "Pertambangan Pasir" VB #</Process><Process ToolSource="c:\program files (x86)\arcgis\desktop10.5\ArcToolbox\Toolboxes\Data Management Tools.tbx\CalculateField" Date="20170528" Time="190102">CalculateField Rencana_Alokasi_Ruang2 Sub_Zona "Pertambangan Pasir" VB #</Process><Process ToolSource="c:\program files (x86)\arcgis\desktop10.5\ArcToolbox\Toolboxes\Data Management Tools.tbx\CalculateField" Date="20170528" Time="190111">CalculateField Rencana_Alokasi_Ruang2 Zona "Pertambangan" VB #</Process><Process ToolSource="c:\program files (x86)\arcgis\desktop10.5\ArcToolbox\Toolboxes\Data Management Tools.tbx\CalculateField" Date="20170528" Time="223923">CalculateField Rencana_Alokasi_Ruang Toponimi "12 Mil Laut" VB #</Process><Process ToolSource="c:\program files (x86)\arcgis\desktop10.5\ArcToolbox\Toolboxes\Data Management Tools.tbx\CalculateField" Date="20170528" Time="224115">CalculateField Rencana_Alokasi_Ruang Toponimi "12 Mil Laut" VB #</Process><Process ToolSource="c:\program files (x86)\arcgis\desktop10.5\ArcToolbox\Toolboxes\Data Management Tools.tbx\CalculateField" Date="20170528" Time="224130">CalculateField Rencana_Alokasi_Ruang Toponimi "12 Mil Laut" VB #</Process><Process ToolSource="c:\program files (x86)\arcgis\desktop10.5\ArcToolbox\Toolboxes\Data Management Tools.tbx\CalculateField" Date="20170528" Time="224152">CalculateField Rencana_Alokasi_Ruang Toponimi "12 Mil Laut" VB #</Process><Process ToolSource="c:\program files (x86)\arcgis\desktop10.5\ArcToolbox\Toolboxes\Data Management Tools.tbx\CalculateField" Date="20170528" Time="224201">CalculateField Rencana_Alokasi_Ruang Toponimi "12 Mil Laut" VB #</Process><Process ToolSource="c:\program files (x86)\arcgis\desktop10.5\ArcToolbox\Toolboxes\Data Management Tools.tbx\CalculateField" Date="20170528" Time="224339">CalculateField Rencana_Alokasi_Ruang Toponimi "4 Mil Laut" VB #</Process><Process ToolSource="c:\program files (x86)\arcgis\desktop10.5\ArcToolbox\Toolboxes\Data Management Tools.tbx\CalculateField" Date="20170528" Time="224456">CalculateField Rencana_Alokasi_Ruang Kecamatan "" VB #</Process><Process ToolSource="c:\program files (x86)\arcgis\desktop10.5\ArcToolbox\Toolboxes\Data Management Tools.tbx\CalculateField" Date="20170528" Time="224500">CalculateField Rencana_Alokasi_Ruang Kabupaten "" VB #</Process><Process ToolSource="c:\program files (x86)\arcgis\desktop10.5\ArcToolbox\Toolboxes\Data Management Tools.tbx\CalculateField" Date="20170528" Time="224522">CalculateField Rencana_Alokasi_Ruang Kecamatan "Sukamara" VB #</Process><Process ToolSource="c:\program files (x86)\arcgis\desktop10.5\ArcToolbox\Toolboxes\Data Management Tools.tbx\CalculateField" Date="20170528" Time="224656">CalculateField Rencana_Alokasi_Ruang Kabupaten "Kotawaringin Barat" VB #</Process><Process ToolSource="c:\program files (x86)\arcgis\desktop10.5\ArcToolbox\Toolboxes\Data Management Tools.tbx\CalculateField" Date="20170528" Time="224738">CalculateField Rencana_Alokasi_Ruang Kabupaten "Seruyan" VB #</Process><Process ToolSource="c:\program files (x86)\arcgis\desktop10.5\ArcToolbox\Toolboxes\Data Management Tools.tbx\CalculateField" Date="20170528" Time="224744">CalculateField Rencana_Alokasi_Ruang Kabupaten "Seruyan" VB #</Process><Process ToolSource="c:\program files (x86)\arcgis\desktop10.5\ArcToolbox\Toolboxes\Data Management Tools.tbx\CalculateField" Date="20170528" Time="224750">CalculateField Rencana_Alokasi_Ruang Kabupaten "Seruyan" VB #</Process><Process ToolSource="c:\program files (x86)\arcgis\desktop10.5\ArcToolbox\Toolboxes\Data Management Tools.tbx\CalculateField" Date="20170528" Time="224757">CalculateField Rencana_Alokasi_Ruang Kabupaten "Seruyan" VB #</Process><Process ToolSource="c:\program files (x86)\arcgis\desktop10.5\ArcToolbox\Toolboxes\Data Management Tools.tbx\CalculateField" Date="20170528" Time="224803">CalculateField Rencana_Alokasi_Ruang Kabupaten "Seruyan" VB #</Process><Process ToolSource="c:\program files (x86)\arcgis\desktop10.5\ArcToolbox\Toolboxes\Data Management Tools.tbx\CalculateField" Date="20170528" Time="224857">CalculateField Rencana_Alokasi_Ruang Kabupaten "Kotawaringin Timur" VB #</Process><Process ToolSource="c:\program files (x86)\arcgis\desktop10.5\ArcToolbox\Toolboxes\Data Management Tools.tbx\CalculateField" Date="20170528" Time="224917">CalculateField Rencana_Alokasi_Ruang Kabupaten "Katingan" VB #</Process><Process ToolSource="c:\program files (x86)\arcgis\desktop10.5\ArcToolbox\Toolboxes\Data Management Tools.tbx\CalculateField" Date="20170528" Time="224935">CalculateField Rencana_Alokasi_Ruang Kabupaten "Pulang Pisau" VB #</Process><Process ToolSource="c:\program files (x86)\arcgis\desktop10.5\ArcToolbox\Toolboxes\Data Management Tools.tbx\CalculateField" Date="20170528" Time="224942">CalculateField Rencana_Alokasi_Ruang Kabupaten "Pulang Pisau" VB #</Process><Process ToolSource="c:\program files (x86)\arcgis\desktop10.5\ArcToolbox\Toolboxes\Data Management Tools.tbx\CalculateField" Date="20170528" Time="225002">CalculateField Rencana_Alokasi_Ruang Kabupaten "Kapuas" VB #</Process><Process ToolSource="c:\program files (x86)\arcgis\desktop10.5\ArcToolbox\Toolboxes\Data Management Tools.tbx\CalculateField" Date="20170528" Time="225026">CalculateField Rencana_Alokasi_Ruang Kabupaten "Kapuas" VB #</Process><Process ToolSource="c:\program files (x86)\arcgis\desktop10.5\ArcToolbox\Toolboxes\Data Management Tools.tbx\CalculateField" Date="20170528" Time="225302">CalculateField Rencana_Alokasi_Ruang Kabupaten "Kotawaringin Barat" VB #</Process><Process ToolSource="c:\program files (x86)\arcgis\desktop10.5\ArcToolbox\Toolboxes\Data Management Tools.tbx\CalculateField" Date="20170528" Time="225312">CalculateField Rencana_Alokasi_Ruang Kabupaten "Kotawaringin Barat" VB #</Process><Process ToolSource="c:\program files (x86)\arcgis\desktop10.5\ArcToolbox\Toolboxes\Data Management Tools.tbx\CalculateField" Date="20170528" Time="225321">CalculateField Rencana_Alokasi_Ruang Kabupaten "Kotawaringin Barat" VB #</Process><Process ToolSource="c:\program files (x86)\arcgis\desktop10.5\ArcToolbox\Toolboxes\Data Management Tools.tbx\CalculateField" Date="20170528" Time="225340">CalculateField Rencana_Alokasi_Ruang Kabupaten "Sukamara" VB #</Process><Process ToolSource="c:\program files (x86)\arcgis\desktop10.5\ArcToolbox\Toolboxes\Data Management Tools.tbx\CalculateField" Date="20170528" Time="225353">CalculateField Rencana_Alokasi_Ruang Kabupaten "Sukamara" VB #</Process><Process ToolSource="c:\program files (x86)\arcgis\desktop10.5\ArcToolbox\Toolboxes\Data Management Tools.tbx\CalculateField" Date="20170528" Time="225413">CalculateField Rencana_Alokasi_Ruang Kecamatan "" VB #</Process><Process ToolSource="c:\program files (x86)\arcgis\desktop10.5\ArcToolbox\Toolboxes\Data Management Tools.tbx\CalculateField" Date="20170528" Time="225505">CalculateField Rencana_Alokasi_Ruang Kabupaten "Provinsi Kalimantan Tengah" VB #</Process><Process ToolSource="c:\program files (x86)\arcgis\desktop10.5\ArcToolbox\Toolboxes\Data Management Tools.tbx\CalculateField" Date="20171006" Time="233804">CalculateField Kawasan_Konservasi_Perairan Kawasan "Kawasan Konservasi" VB #</Process><Process ToolSource="c:\program files (x86)\arcgis\desktop10.5\ArcToolbox\Toolboxes\Data Management Tools.tbx\CalculateField" Date="20180803" Time="094202">CalculateField ZONA_KKP_usulan_Agus18 Luas_Hur [Luas_ha] VB #</Process></lineage><itemProps><itemName Sync="TRUE">Batas_Administrasi_Buffer1</itemName><imsContentType Sync="TRUE">002</imsContentType><itemSize Sync="TRUE">0.000</itemSize><itemLocation><linkage Sync="TRUE">file://\\DESKTOP-IVAM57B\G$\PROYEK 2016\RZWP3K KALTENG\PETA\KKP_KOBAR\MXD\KKP\APRIL 2019\PETA RPZ ZONASI KKP_PARAF KKP_A3\commondata\permen_kp\ZONA_KKP_FEB2019</linkage><protocol Sync="TRUE">Local Area Network</protocol></itemLocation></itemProps><coordRef><type Sync="TRUE">Projected</type><geogcsn Sync="TRUE">GCS_WGS_1984</geogcsn><csUnits Sync="TRUE">Linear Unit: Meter (1.000000)</csUnits><projcsn Sync="TRUE">WGS_1984_UTM_Zone_49S</projcsn><peXml Sync="TRUE">&lt;ProjectedCoordinateSystem xsi:type='typens:ProjectedCoordinateSystem' xmlns:xsi='http://www.w3.org/2001/XMLSchema-instance' xmlns:xs='http://www.w3.org/2001/XMLSchema' xmlns:typens='http://www.esri.com/schemas/ArcGIS/10.4'&gt;&lt;WKT&gt;PROJCS[&amp;quot;WGS_1984_UTM_Zone_49S&amp;quot;,GEOGCS[&amp;quot;GCS_WGS_1984&amp;quot;,DATUM[&amp;quot;D_WGS_1984&amp;quot;,SPHEROID[&amp;quot;WGS_1984&amp;quot;,6378137.0,298.257223563]],PRIMEM[&amp;quot;Greenwich&amp;quot;,0.0],UNIT[&amp;quot;Degree&amp;quot;,0.0174532925199433]],PROJECTION[&amp;quot;Transverse_Mercator&amp;quot;],PARAMETER[&amp;quot;False_Easting&amp;quot;,500000.0],PARAMETER[&amp;quot;False_Northing&amp;quot;,10000000.0],PARAMETER[&amp;quot;Central_Meridian&amp;quot;,111.0],PARAMETER[&amp;quot;Scale_Factor&amp;quot;,0.9996],PARAMETER[&amp;quot;Latitude_Of_Origin&amp;quot;,0.0],UNIT[&amp;quot;Meter&amp;quot;,1.0],AUTHORITY[&amp;quot;EPSG&amp;quot;,32749]]&lt;/WKT&gt;&lt;XOrigin&gt;-5120900&lt;/XOrigin&gt;&lt;YOrigin&gt;1900&lt;/YOrigin&gt;&lt;XYScale&gt;10000&lt;/XYScale&gt;&lt;ZOrigin&gt;-100000&lt;/ZOrigin&gt;&lt;ZScale&gt;10000&lt;/ZScale&gt;&lt;MOrigin&gt;-100000&lt;/MOrigin&gt;&lt;MScale&gt;10000&lt;/MScale&gt;&lt;XYTolerance&gt;0.001&lt;/XYTolerance&gt;&lt;ZTolerance&gt;0.001&lt;/ZTolerance&gt;&lt;MTolerance&gt;0.001&lt;/MTolerance&gt;&lt;HighPrecision&gt;true&lt;/HighPrecision&gt;&lt;WKID&gt;32749&lt;/WKID&gt;&lt;LatestWKID&gt;32749&lt;/LatestWKID&gt;&lt;/ProjectedCoordinateSystem&gt;</peXml></coordRef><copyHistory><copy source="G:\PROYEK 2016\RZWP3K KALTENG\PETA\KKP_KOBAR\PERMEN KP\ZONA_KKP_FEB2019" dest="\\DESKTOP-IVAM57B\G$\PROYEK 2016\RZWP3K KALTENG\PETA\KKP_KOBAR\MXD\KKP\APRIL 2019\PETA RPZ ZONASI KKP_PARAF KKP_A3\commondata\permen_kp\ZONA_KKP_FEB2019" date="20190416" time="23361700"></copy></copyHistory></DataProperties><SyncDate>20161117</SyncDate><SyncTime>03014000</SyncTime><ModDate>20161117</ModDate><ModTime>03014000</ModTime></Esri><dataIdInfo><envirDesc Sync="TRUE"> Version 6.2 (Build 9200) ; Esri ArcGIS 10.4.0.5524</envirDesc><dataLang><languageCode value="eng" Sync="TRUE"></languageCode><countryCode value="USA" Sync="TRUE"></countryCode></dataLang><idCitation><resTitle Sync="TRUE">Batas_Administrasi_Buffer1</resTitle><presForm><PresFormCd value="005" Sync="TRUE"></PresFormCd></presForm></idCitation><spatRpType><SpatRepTypCd value="001" Sync="TRUE"></SpatRepTypCd></spatRpType></dataIdInfo><mdLang><languageCode value="eng" Sync="TRUE"></languageCode><countryCode value="USA" Sync="TRUE"></countryCode></mdLang><mdChar><CharSetCd value="004" Sync="TRUE"></CharSetCd></mdChar><distInfo><distFormat><formatName Sync="TRUE">File Geodatabase Feature Class</formatName></distFormat><distTranOps><transSize Sync="TRUE">0.000</transSize></distTranOps></distInfo><mdHrLv><ScopeCd value="005" Sync="TRUE"></ScopeCd></mdHrLv><mdHrLvName Sync="TRUE">dataset</mdHrLvName><refSysInfo><RefSystem><refSysID><identCode code="32749" Sync="TRUE" value="32749"></identCode><idCodeSpace Sync="TRUE">EPSG</idCodeSpace><idVersion Sync="TRUE">6.11.1(3.0.1)</idVersion></refSysID></RefSystem></refSysInfo><spatRepInfo><VectSpatRep><geometObjs Name="Batas_Administrasi_Buffer1"><geoObjTyp><GeoObjTypCd value="002" Sync="TRUE"></GeoObjTypCd></geoObjTyp><geoObjCnt Sync="TRUE">0</geoObjCnt></geometObjs><topLvl><TopoLevCd value="001" Sync="TRUE"></TopoLevCd></topLvl></VectSpatRep></spatRepInfo><spdoinfo><ptvctinf><esriterm Name="Batas_Administrasi_Buffer1"><efeatyp Sync="TRUE">Simple</efeatyp><efeageom code="4" Sync="TRUE"></efeageom><esritopo Sync="TRUE">FALSE</esritopo><efeacnt Sync="TRUE">0</efeacnt><spindex Sync="TRUE">TRUE</spindex><linrefer Sync="TRUE">FALSE</linrefer></esriterm></ptvctinf></spdoinfo><eainfo><detailed Name="Batas_Administrasi_Buffer1"><enttyp><enttypl Sync="TRUE">Batas_Administrasi_Buffer1</enttypl><enttypt Sync="TRUE">Feature Class</enttypt><enttypc Sync="TRUE">0</enttypc></enttyp><attr><attrlabl Sync="TRUE">OBJECTID</attrlabl><attalias Sync="TRUE">FID</attalias><attrtype Sync="TRUE">OID</attrtype><attwidth Sync="TRUE">4</attwidth><atprecis Sync="TRUE">0</atprecis><attscale Sync="TRUE">0</attscale><attrdef Sync="TRUE">Internal feature number.</attrdef><attrdefs Sync="TRUE">Esri</attrdefs><attrdomv><udom Sync="TRUE">Sequential unique whole numbers that are automatically generated.</udom></attrdomv></attr><attr><attrlabl Sync="TRUE">Shape</attrlabl><attalias Sync="TRUE">Shape</attalias><attrtype Sync="TRUE">Geometry</attrtype><attwidth Sync="TRUE">0</attwidth><atprecis Sync="TRUE">0</atprecis><attscale Sync="TRUE">0</attscale><attrdef Sync="TRUE">Feature geometry.</attrdef><attrdefs Sync="TRUE">Esri</attrdefs><attrdomv><udom Sync="TRUE">Coordinates defining the features.</udom></attrdomv></attr><attr><attrlabl Sync="TRUE">ID</attrlabl><attalias Sync="TRUE">ID</attalias><attrtype Sync="TRUE">Integer</attrtype><attwidth Sync="TRUE">4</attwidth><atprecis Sync="TRUE">0</atprecis><attscale Sync="TRUE">0</attscale></attr><attr><attrlabl Sync="TRUE">Toponimi</attrlabl><attalias Sync="TRUE">Toponimi</attalias><attrtype Sync="TRUE">String</attrtype><attwidth Sync="TRUE">35</attwidth><atprecis Sync="TRUE">0</atprecis><attscale Sync="TRUE">0</attscale></attr><attr><attrlabl Sync="TRUE">Kecamatan</attrlabl><attalias Sync="TRUE">Kecamatan</attalias><attrtype Sync="TRUE">String</attrtype><attwidth Sync="TRUE">50</attwidth><atprecis Sync="TRUE">0</atprecis><attscale Sync="TRUE">0</attscale></attr><attr><attrlabl Sync="TRUE">Kabupaten</attrlabl><attalias Sync="TRUE">Kabupaten</attalias><attrtype Sync="TRUE">String</attrtype><attwidth Sync="TRUE">50</attwidth><atprecis Sync="TRUE">0</atprecis><attscale Sync="TRUE">0</attscale></attr><attr><attrlabl Sync="TRUE">Nama</attrlabl><attalias Sync="TRUE">Nama</attalias><attrtype Sync="TRUE">String</attrtype><attwidth Sync="TRUE">50</attwidth><atprecis Sync="TRUE">0</atprecis><attscale Sync="TRUE">0</attscale></attr><attr><attrlabl Sync="TRUE">Kec</attrlabl><attalias Sync="TRUE">Kec</attalias><attrtype Sync="TRUE">String</attrtype><attwidth Sync="TRUE">35</attwidth><atprecis Sync="TRUE">0</atprecis><attscale Sync="TRUE">0</attscale></attr><attr><attrlabl Sync="TRUE">Luas_ha</attrlabl><attalias Sync="TRUE">Luas_ha</attalias><attrtype Sync="TRUE">Double</attrtype><attwidth Sync="TRUE">8</attwidth><atprecis Sync="TRUE">0</atprecis><attscale Sync="TRUE">0</attscale></attr><attr><attrlabl Sync="TRUE">BUFF_DIST</attrlabl><attalias Sync="TRUE">BUFF_DIST</attalias><attrtype Sync="TRUE">Double</attrtype><attwidth Sync="TRUE">8</attwidth><atprecis Sync="TRUE">0</atprecis><attscale Sync="TRUE">0</attscale></attr><attr><attrlabl Sync="TRUE">ORIG_FID</attrlabl><attalias Sync="TRUE">ORIG_FID</attalias><attrtype Sync="TRUE">Integer</attrtype><attwidth Sync="TRUE">4</attwidth><atprecis Sync="TRUE">0</atprecis><attscale Sync="TRUE">0</attscale></attr><attr><attrlabl Sync="TRUE">Shape_Length</attrlabl><attalias Sync="TRUE">Shape_Length</attalias><attrtype Sync="TRUE">Double</attrtype><attwidth Sync="TRUE">8</attwidth><atprecis Sync="TRUE">0</atprecis><attscale Sync="TRUE">0</attscale><attrdef Sync="TRUE">Length of feature in internal units.</attrdef><attrdefs Sync="TRUE">Esri</attrdefs><attrdomv><udom Sync="TRUE">Positive real numbers that are automatically generated.</udom></attrdomv></attr><attr><attrlabl Sync="TRUE">Shape_Area</attrlabl><attalias Sync="TRUE">Shape_Area</attalias><attrtype Sync="TRUE">Double</attrtype><attwidth Sync="TRUE">8</attwidth><atprecis Sync="TRUE">0</atprecis><attscale Sync="TRUE">0</attscale><attrdef Sync="TRUE">Area of feature in internal units squared.</attrdef><attrdefs Sync="TRUE">Esri</attrdefs><attrdomv><udom Sync="TRUE">Positive real numbers that are automatically generated.</udom></attrdomv></attr></detailed></eainfo><mdDateSt Sync="TRUE">20161117</mdDateSt></metadata>
