<?xml version="1.0" encoding="UTF-8"?>
<metadata xml:lang="id"><Esri><CreaDate>20230112</CreaDate><CreaTime>10362700</CreaTime><ArcGISFormat>1.0</ArcGISFormat><SyncOnce>FALSE</SyncOnce><DataProperties><lineage><Process ToolSource="c:\program files\arcgis\desktop10.8\ArcToolbox\Toolboxes\Data Management Tools.tbx\CalculateField" Date="20220904" Time="165846">CalculateField "Sistem Jaringan Transportasi" SBDATA "Perda Nomor 5 Tahun 2015 Tentang RTRWP Kalimantan Tengah 2015-2035" VB #</Process><Process ToolSource="c:\program files\arcgis\desktop10.8\ArcToolbox\Toolboxes\Data Management Tools.tbx\CalculateField" Date="20220904" Time="165905">CalculateField "Sistem Jaringan Transportasi" REMARK "" VB #</Process><Process ToolSource="c:\program files\arcgis\desktop10.8\ArcToolbox\Toolboxes\Data Management Tools.tbx\CalculateField" Date="20220907" Time="113956">CalculateField "Sistem Jaringan Transportasi" SBDATA "Perda Nomor 1 Tahun 2019 tentang RZWP-3-K Provinsi Kalimantan Tengah Tahun 2019-2039" VB #</Process><Process ToolSource="c:\program files\arcgis\desktop10.8\ArcToolbox\Toolboxes\Data Management Tools.tbx\CalculateField" Date="20220907" Time="114048">CalculateField "Sistem Jaringan Transportasi" SBDATA "Perda Nomor 5 Tahun 2015 Tentang RTRWP Kalimantan Tengah Tahun 2015-2035" VB #</Process><Process ToolSource="c:\program files\arcgis\desktop10.8\ArcToolbox\Toolboxes\Data Management Tools.tbx\CalculateField" Date="20220921" Time="152007">CalculateField "Sistem Jaringan Transportasi" NAMOBJ "Alur-Pelayaran Sungai dan Alur-Pelayaran Danau" VB #</Process><Process ToolSource="c:\program files\arcgis\desktop10.8\ArcToolbox\Toolboxes\Data Management Tools.tbx\CalculateField" Date="20220926" Time="150205">CalculateField "Sistem Jaringan Transportasi" REMARK "JL.ADONIS SAMAD" VB #</Process><Process ToolSource="c:\program files\arcgis\desktop10.8\ArcToolbox\Toolboxes\Data Management Tools.tbx\CalculateField" Date="20220929" Time="132930">CalculateField "Sistem Jaringan Transportasi" NAMOBJ "Jalan Arteri Primer" VB #</Process><Process ToolSource="c:\program files\arcgis\desktop10.8\ArcToolbox\Toolboxes\Data Management Tools.tbx\CalculateField" Date="20220930" Time="085409">CalculateField "Sistem Jaringan Transportasi" NAMOBJ "Jalan Arteri" VB #</Process><Process ToolSource="c:\program files\arcgis\desktop10.8\ArcToolbox\Toolboxes\Data Management Tools.tbx\CalculateField" Date="20220930" Time="121818">CalculateField "Sistem Jaringan Transportasi" ORDE01 "42010000" VB #</Process><Process ToolSource="c:\program files\arcgis\desktop10.8\ArcToolbox\Toolboxes\Data Management Tools.tbx\CalculateField" Date="20220930" Time="121833">CalculateField "Sistem Jaringan Transportasi" ORDE02 "22011000" VB #</Process><Process ToolSource="c:\program files\arcgis\desktop10.8\ArcToolbox\Toolboxes\Data Management Tools.tbx\CalculateField" Date="20220930" Time="121849">CalculateField "Sistem Jaringan Transportasi" ORDE03 "22011100" VB #</Process><Process ToolSource="c:\program files\arcgis\desktop10.8\ArcToolbox\Toolboxes\Data Management Tools.tbx\CalculateField" Date="20220930" Time="121901">CalculateField "Sistem Jaringan Transportasi" ORDE04 "22011101" VB #</Process><Process ToolSource="c:\program files\arcgis\desktop10.8\ArcToolbox\Toolboxes\Data Management Tools.tbx\CalculateField" Date="20220930" Time="121914">CalculateField "Sistem Jaringan Transportasi" JNSRSR "42000000" VB #</Process><Process ToolSource="c:\program files\arcgis\desktop10.8\ArcToolbox\Toolboxes\Data Management Tools.tbx\CalculateField" Date="20220930" Time="122013">CalculateField "Sistem Jaringan Transportasi" WADMPR "Provinsi Kalimantan Tengah" VB #</Process><Process ToolSource="c:\program files\arcgis\desktop10.8\ArcToolbox\Toolboxes\Data Management Tools.tbx\CalculateField" Date="20220930" Time="122027">CalculateField "Sistem Jaringan Transportasi" WADMPR "Provinsi Kalimantan Tengah" VB #</Process><Process ToolSource="c:\program files\arcgis\desktop10.8\ArcToolbox\Toolboxes\Data Management Tools.tbx\CalculateField" Date="20220930" Time="122117">CalculateField "Sistem Jaringan Transportasi" STSJRN "2" VB #</Process><Process ToolSource="c:\program files\arcgis\desktop10.8\ArcToolbox\Toolboxes\Data Management Tools.tbx\CalculateField" Date="20220930" Time="122219">CalculateField "Sistem Jaringan Transportasi" NAMOBJ "Jalan Arteri Primer" VB #</Process><Process ToolSource="c:\program files\arcgis\desktop10.8\ArcToolbox\Toolboxes\Data Management Tools.tbx\CalculateField" Date="20221001" Time="085434">CalculateField "Sistem Jaringan Transportasi" REMARK "Lingkar Luar Palangka Raya (Akses Terminal Tipe A. W.A. Gara)" VB #</Process><Process ToolSource="c:\program files\arcgis\desktop10.8\ArcToolbox\Toolboxes\Data Management Tools.tbx\CalculateField" Date="20221001" Time="085608">CalculateField "Sistem Jaringan Transportasi" REMARK "Batas Provinsi Kalbar – Tumbang Sanamang" VB #</Process><Process ToolSource="c:\program files\arcgis\desktop10.8\ArcToolbox\Toolboxes\Data Management Tools.tbx\CalculateField" Date="20221001" Time="085714">CalculateField "Sistem Jaringan Transportasi" REMARK "Runtu – SP. Runtu" VB #</Process><Process ToolSource="c:\program files\arcgis\desktop10.8\ArcToolbox\Toolboxes\Data Management Tools.tbx\CalculateField" Date="20221001" Time="095523">CalculateField "Sistem Jaringan Transportasi" SBDATA "KEPMEN PUPR Republik Indonesia No. 430/KPTS/M/2022 Tentang Penetapan Ruas Jalan Dalam Jaringan Primer Menurut Fungsinya Sebagai Jalan Arteri Primer Dan Jalan Kolektor Primer -1 Tahun 2022" VB #</Process><Process ToolSource="c:\program files\arcgis\desktop10.8\ArcToolbox\Toolboxes\Data Management Tools.tbx\CalculateField" Date="20221001" Time="105253">CalculateField "Sistem Jaringan Transportasi" NAMOBJ "Jalan Kolektor Primer Empat (JKP-4)" VB #</Process><Process ToolSource="c:\program files\arcgis\desktop10.8\ArcToolbox\Toolboxes\Data Management Tools.tbx\CalculateField" Date="20221001" Time="105457">CalculateField "Sistem Jaringan Transportasi" WADMPR "Provinsi Kalimantan Tengah" VB #</Process><Process ToolSource="c:\program files\arcgis\desktop10.8\ArcToolbox\Toolboxes\Data Management Tools.tbx\CalculateField" Date="20221001" Time="105621">CalculateField "Sistem Jaringan Transportasi" ORDE01 "42010000" VB #</Process><Process ToolSource="c:\program files\arcgis\desktop10.8\ArcToolbox\Toolboxes\Data Management Tools.tbx\CalculateField" Date="20221001" Time="105638">CalculateField "Sistem Jaringan Transportasi" ORDE02 "22011000" VB #</Process><Process ToolSource="c:\program files\arcgis\desktop10.8\ArcToolbox\Toolboxes\Data Management Tools.tbx\CalculateField" Date="20221001" Time="105659">CalculateField "Sistem Jaringan Transportasi" ORDE03 "22011200" VB #</Process><Process ToolSource="c:\program files\arcgis\desktop10.8\ArcToolbox\Toolboxes\Data Management Tools.tbx\CalculateField" Date="20221001" Time="105719">CalculateField "Sistem Jaringan Transportasi" ORDE04 "22011201" VB #</Process><Process ToolSource="c:\program files\arcgis\desktop10.8\ArcToolbox\Toolboxes\Data Management Tools.tbx\CalculateField" Date="20221001" Time="105751">CalculateField "Sistem Jaringan Transportasi" JNSRSR "42000000" VB #</Process><Process ToolSource="c:\program files\arcgis\desktop10.8\ArcToolbox\Toolboxes\Data Management Tools.tbx\CalculateField" Date="20221001" Time="105801">CalculateField "Sistem Jaringan Transportasi" STSJRN "2" VB #</Process><Process ToolSource="c:\program files\arcgis\desktop10.8\ArcToolbox\Toolboxes\Data Management Tools.tbx\CalculateField" Date="20221001" Time="110107">CalculateField "Sistem Jaringan Transportasi" SBDATA "Perda No. 5 Tahun 2019 tentang RTRW Kab. Seruyan 2019-2039" VB #</Process><Process ToolSource="c:\program files\arcgis\desktop10.8\ArcToolbox\Toolboxes\Data Management Tools.tbx\CalculateField" Date="20221001" Time="110134">CalculateField "Sistem Jaringan Transportasi" SBDATA "Perda No. 5 Tahun 2019 tentang RTRW Kab. Kapuas 2019-2039" VB #</Process><Process ToolSource="c:\program files\arcgis\desktop10.8\ArcToolbox\Toolboxes\Data Management Tools.tbx\CalculateField" Date="20221010" Time="162406">CalculateField "Sistem Jaringan Transportasi" NAMOBJ "Jalan Kolektor Primer" VB #</Process><Process ToolSource="c:\program files\arcgis\desktop10.8\ArcToolbox\Toolboxes\Data Management Tools.tbx\CalculateField" Date="20221014" Time="113008">CalculateField "Sistem Jaringan Transportasi" Keterangan "Usulan" VB #</Process><Process ToolSource="c:\program files\arcgis\desktop10.8\ArcToolbox\Toolboxes\Data Management Tools.tbx\CalculateField" Date="20221014" Time="114404">CalculateField "Sistem Jaringan Transportasi" Keterangan "Usulan JKP-4" VB #</Process><Process ToolSource="c:\program files\arcgis\desktop10.8\ArcToolbox\Toolboxes\Data Management Tools.tbx\CalculateField" Date="20221014" Time="114417">CalculateField "Sistem Jaringan Transportasi" Keterangan "Usulan JKP-4" VB #</Process><Process ToolSource="c:\program files\arcgis\desktop10.8\ArcToolbox\Toolboxes\Data Management Tools.tbx\CalculateField" Date="20221014" Time="114440">CalculateField "Sistem Jaringan Transportasi" Keterangan "Usulan JKP-4" VB #</Process><Process ToolSource="c:\program files\arcgis\desktop10.8\ArcToolbox\Toolboxes\Data Management Tools.tbx\CalculateField" Date="20221014" Time="114506">CalculateField "Sistem Jaringan Transportasi" Keterangan "Usulan JKP-3" VB #</Process><Process ToolSource="c:\program files\arcgis\desktop10.8\ArcToolbox\Toolboxes\Data Management Tools.tbx\CalculateField" Date="20221014" Time="151053">CalculateField _62_250PR_LN_SR_TRANSPORTASI_KALTENG_2022_1 Keterangan "Penyesuian terhadap sinkronisasi" VB #</Process><Process ToolSource="c:\program files\arcgis\desktop10.8\ArcToolbox\Toolboxes\Data Management Tools.tbx\CalculateField" Date="20221027" Time="233214">CalculateField "Sistem Jaringan Transportasi" SBDATA "Harmonisasi dengan Balain Jalan" VB #</Process><Process ToolSource="c:\program files\arcgis\desktop10.8\ArcToolbox\Toolboxes\Data Management Tools.tbx\CalculateField" Date="20221031" Time="175234">CalculateField "Sistem Jaringan Transportasi" ORDE03 "22041100" VB #</Process><Process ToolSource="c:\program files\arcgis\desktop10.8\ArcToolbox\Toolboxes\Data Management Tools.tbx\CalculateField" Date="20221118" Time="104530">CalculateField "Sistem Jaringan Transportasi" ORDE01 "42010000" VB #</Process><Process ToolSource="c:\program files\arcgis\desktop10.8\ArcToolbox\Toolboxes\Data Management Tools.tbx\CalculateField" Date="20221118" Time="104614">CalculateField "Sistem Jaringan Transportasi" ORDE02 "22013000" VB #</Process><Process ToolSource="c:\program files\arcgis\desktop10.8\ArcToolbox\Toolboxes\Data Management Tools.tbx\CalculateField" Date="20221118" Time="104623">CalculateField "Sistem Jaringan Transportasi" ORDE03 "22013000" VB #</Process><Process ToolSource="c:\program files\arcgis\desktop10.8\ArcToolbox\Toolboxes\Data Management Tools.tbx\CalculateField" Date="20221118" Time="104636">CalculateField "Sistem Jaringan Transportasi" ORDE04 "22013000" VB #</Process><Process ToolSource="c:\program files\arcgis\desktop10.8\ArcToolbox\Toolboxes\Data Management Tools.tbx\CalculateField" Date="20221118" Time="104654">CalculateField "Sistem Jaringan Transportasi" JNSRSR "42000000" VB #</Process><Process ToolSource="c:\program files\arcgis\desktop10.8\ArcToolbox\Toolboxes\Data Management Tools.tbx\CalculateField" Date="20221118" Time="105101">CalculateField "Sistem Jaringan Transportasi" STSJRN "42000000" VB #</Process><Process ToolSource="c:\program files\arcgis\desktop10.8\ArcToolbox\Toolboxes\Data Management Tools.tbx\CalculateField" Date="20221118" Time="105125">CalculateField "Sistem Jaringan Transportasi" STSJRN "1" VB #</Process><Process ToolSource="c:\program files\arcgis\desktop10.8\ArcToolbox\Toolboxes\Data Management Tools.tbx\CalculateField" Date="20221118" Time="110815">CalculateField "Sistem Jaringan Transportasi" SBDATA "Kemen PUPR RI Direktorat Jenderal Bina Marga Direktorat Jalan Bebas Hambatan No. 16/SE/Db/2020 Tentang Petunjuk Teknis Perencanaan Jaringan Jalan Tol di Direktorat Jenderal Bina Marga" VB #</Process><Process ToolSource="c:\program files\arcgis\desktop10.8\ArcToolbox\Toolboxes\Data Management Tools.tbx\CalculateField" Date="20221118" Time="110935">CalculateField "Sistem Jaringan Transportasi" WADMPR "Provinsi Kalimantan Tengah" VB #</Process><Process ToolSource="c:\program files\arcgis\desktop10.8\ArcToolbox\Toolboxes\Data Management Tools.tbx\CalculateField" Date="20221118" Time="111057">CalculateField "Sistem Jaringan Transportasi" SBDATA "Kemen PUPR RI Direktorat Jenderal Bina Marga Direktorat Jalan Bebas Hambatan Surat Edaran No. 16/SE/Db/2020 Tentang Petunjuk Teknis Perencanaan Jaringan Jalan Tol di Direktorat Jenderal Bina Marga" VB #</Process><Process ToolSource="c:\program files\arcgis\desktop10.8\ArcToolbox\Toolboxes\Data Management Tools.tbx\CalculateField" Date="20221118" Time="111112">CalculateField "Sistem Jaringan Transportasi" SBDATA "Kemen PUPR RI Direktorat Jenderal Bina Marga Direktorat Jalan Bebas Hambatan Surat Edaran No. 16/SE/Db/2020 Tentang Petunjuk Teknis Perencanaan Jaringan Jalan Tol di Direktorat Jenderal Bina Marga" VB #</Process><Process ToolSource="c:\program files\arcgis\desktop10.8\ArcToolbox\Toolboxes\Data Management Tools.tbx\CalculateField" Date="20221118" Time="111120">CalculateField "Sistem Jaringan Transportasi" SBDATA "Kemen PUPR RI Direktorat Jenderal Bina Marga Direktorat Jalan Bebas Hambatan Surat Edaran No.16/SE/Db/2020 Tentang Petunjuk Teknis Perencanaan Jaringan Jalan Tol di Direktorat Jenderal Bina Marga" VB #</Process><Process ToolSource="c:\program files\arcgis\desktop10.8\ArcToolbox\Toolboxes\Data Management Tools.tbx\CalculateField" Date="20221123" Time="094141">CalculateField "Sistem Jaringan Transportasi" NAMOBJ "Lintas Penyeberangan Antarprovinsi" VB #</Process><Process ToolSource="c:\program files\arcgis\desktop10.8\ArcToolbox\Toolboxes\Data Management Tools.tbx\CalculateField" Date="20221123" Time="094234">CalculateField "Sistem Jaringan Transportasi" ORDE01 "42030000" VB #</Process><Process ToolSource="c:\program files\arcgis\desktop10.8\ArcToolbox\Toolboxes\Data Management Tools.tbx\CalculateField" Date="20221123" Time="094252">CalculateField "Sistem Jaringan Transportasi" ORDE02 "22032200" VB #</Process><Process ToolSource="c:\program files\arcgis\desktop10.8\ArcToolbox\Toolboxes\Data Management Tools.tbx\CalculateField" Date="20221123" Time="094308">CalculateField "Sistem Jaringan Transportasi" ORDE03 "22032200" VB #</Process><Process ToolSource="c:\program files\arcgis\desktop10.8\ArcToolbox\Toolboxes\Data Management Tools.tbx\CalculateField" Date="20221123" Time="094325">CalculateField "Sistem Jaringan Transportasi" ORDE04 "22032200" VB #</Process><Process ToolSource="c:\program files\arcgis\desktop10.8\ArcToolbox\Toolboxes\Data Management Tools.tbx\CalculateField" Date="20221123" Time="094352">CalculateField "Sistem Jaringan Transportasi" JNSRSR "42000000" VB #</Process><Process ToolSource="c:\program files\arcgis\desktop10.8\ArcToolbox\Toolboxes\Data Management Tools.tbx\CalculateField" Date="20221123" Time="094402">CalculateField "Sistem Jaringan Transportasi" STSJRN "1" VB #</Process><Process ToolSource="c:\program files\arcgis\desktop10.8\ArcToolbox\Toolboxes\Data Management Tools.tbx\CalculateField" Date="20221123" Time="094411">CalculateField "Sistem Jaringan Transportasi" STSJRN "2" VB #</Process><Process ToolSource="c:\program files\arcgis\desktop10.8\ArcToolbox\Toolboxes\Data Management Tools.tbx\CalculateField" Date="20221123" Time="094430">CalculateField "Sistem Jaringan Transportasi" WADMPR "Provinsi Kalimantan Tengah" VB #</Process><Process ToolSource="c:\program files (x86)\arcgis\desktop10.8\ArcToolbox\Toolboxes\Data Management Tools.tbx\CalculateField" Date="20221220" Time="172653">CalculateField "Sistem Jaringan Transportasi" NAMOBJ "Jalan Kolektor Primer" VB #</Process><Process ToolSource="c:\program files (x86)\arcgis\desktop10.8\ArcToolbox\Toolboxes\Data Management Tools.tbx\CalculateField" Date="20221220" Time="172759">CalculateField "Sistem Jaringan Transportasi" ORDE04 "22011101" VB #</Process><Process ToolSource="c:\program files (x86)\arcgis\desktop10.8\ArcToolbox\Toolboxes\Data Management Tools.tbx\CalculateField" Date="20221220" Time="173058">CalculateField "Sistem Jaringan Transportasi" ORDE04 "22011201" VB #</Process><Process ToolSource="c:\program files (x86)\arcgis\desktop10.8\ArcToolbox\Toolboxes\Data Management Tools.tbx\CalculateField" Date="20221220" Time="173132">CalculateField "Sistem Jaringan Transportasi" NAMOBJ "Jalan Kolektor Primer" VB #</Process><Process ToolSource="c:\program files (x86)\arcgis\desktop10.8\ArcToolbox\Toolboxes\Data Management Tools.tbx\CalculateField" Date="20221220" Time="173209">CalculateField "Sistem Jaringan Transportasi" ORDE04 "22011201r" VB #</Process><Process ToolSource="c:\program files (x86)\arcgis\desktop10.8\ArcToolbox\Toolboxes\Data Management Tools.tbx\CalculateField" Date="20221220" Time="173218">CalculateField "Sistem Jaringan Transportasi" ORDE04 "22011201" VB #</Process><Process ToolSource="c:\program files (x86)\arcgis\desktop10.8\ArcToolbox\Toolboxes\Data Management Tools.tbx\CalculateField" Date="20221220" Time="173253">CalculateField "Sistem Jaringan Transportasi" NAMOBJ "Jalan Kolektor Primer" VB #</Process><Process ToolSource="c:\program files (x86)\arcgis\desktop10.8\ArcToolbox\Toolboxes\Data Management Tools.tbx\CalculateField" Date="20221220" Time="173850">CalculateField "Sistem Jaringan Transportasi" NAMOBJ "Jalan Arteri Primer" VB #</Process><Process ToolSource="c:\program files (x86)\arcgis\desktop10.8\ArcToolbox\Toolboxes\Data Management Tools.tbx\CalculateField" Date="20221220" Time="174229">CalculateField "Sistem Jaringan Transportasi" ORDE03 "22011200" VB #</Process><Process ToolSource="c:\program files (x86)\arcgis\desktop10.8\ArcToolbox\Toolboxes\Data Management Tools.tbx\CalculateField" Date="20221220" Time="174305">CalculateField "Sistem Jaringan Transportasi" ORDE03 "22011200" VB #</Process><Process ToolSource="c:\program files (x86)\arcgis\desktop10.8\ArcToolbox\Toolboxes\Data Management Tools.tbx\CalculateField" Date="20221220" Time="174351">CalculateField "Sistem Jaringan Transportasi" ORDE03 "22011200" VB #</Process><Process ToolSource="c:\program files (x86)\arcgis\desktop10.8\ArcToolbox\Toolboxes\Data Management Tools.tbx\CalculateField" Date="20221220" Time="174459">CalculateField "Sistem Jaringan Transportasi" ORDE03 "22011200" VB #</Process><Process ToolSource="c:\program files (x86)\arcgis\desktop10.8\ArcToolbox\Toolboxes\Data Management Tools.tbx\CalculateField" Date="20221224" Time="045356">CalculateField "Sistem Jaringan Transportasi" NAMOBJ "Jalan Kolektor Primer" VB #</Process><Process ToolSource="c:\program files (x86)\arcgis\desktop10.8\ArcToolbox\Toolboxes\Data Management Tools.tbx\CalculateField" Date="20221224" Time="045524">CalculateField "Sistem Jaringan Transportasi" ORDE04 "22011201" VB #</Process><Process ToolSource="c:\program files (x86)\arcgis\desktop10.8\ArcToolbox\Toolboxes\Data Management Tools.tbx\CalculateField" Date="20221227" Time="051608">CalculateField "Sistem Jaringan Transportasi" SBDATA ""'Keputusan Gubernur Kalimantan Tengah No. 188.44/312/2017 Tentang Ruas-Ruas Jalan Dalam Jaringan Jalan Menurut Fungsinya Sebagai Jalan Kolektor 2 dan Kolektor 3 di Provinsi Kalimantan Tengah"" VB #</Process><Process ToolSource="c:\program files (x86)\arcgis\desktop10.8\ArcToolbox\Toolboxes\Data Management Tools.tbx\CalculateField" Date="20230104" Time="100809">CalculateField _62_250PR_LN_SR_TRANSPORTASI_KALTENG_2022_1_1 REMARK "Puruk Cahu-Bangkuang" VB #</Process><Process ToolSource="c:\program files (x86)\arcgis\desktop10.8\ArcToolbox\Toolboxes\Data Management Tools.tbx\CalculateField" Date="20230104" Time="101239">CalculateField _62_250PR_LN_SR_TRANSPORTASI_KALTENG_2022_1_1 REMARK "Mangkatip-Batanjung" VB #</Process><Process ToolSource="c:\program files (x86)\arcgis\desktop10.8\ArcToolbox\Toolboxes\Data Management Tools.tbx\CalculateField" Date="20230104" Time="101702">CalculateField _62_250PR_LN_SR_TRANSPORTASI_KALTENG_2022_1_1 SBDATA "KP_297 TAHUN 2013 Tentang Persetujuan Trase JKA Umum" VB #</Process><Process ToolSource="c:\program files (x86)\arcgis\desktop10.8\ArcToolbox\Toolboxes\Data Management Tools.tbx\CalculateField" Date="20230104" Time="103902">CalculateField "Sistem Jaringan Transportasi" SBDATA "KP_297 TAHUN 2013 Tentang Persetujuan Trase JKA UmumTentang Persetujuan Penetapan Trase Jalur Kereta Api Umum Dari Puruk Cahu ke Batanjung Melalui Bangkuang" VB #</Process><Process ToolSource="c:\program files (x86)\arcgis\desktop10.8\ArcToolbox\Toolboxes\Conversion Tools.tbx\FeatureClassToFeatureClass" Date="20241111" Time="083513">FeatureClassToFeatureClass 01_ALUR_PELAYARAN "C:\Users\Syafrizal Hidayat\Documents\KEGIATAN\Kuliah\Project Pak RK Web Kalteng\Shp\02_STRUKTUR WIL LAUT\save" 01_ALUR_PELAYARAN_TANPA_Z.shp # "OBJECTID "OBJECTID" true true false 10 Long 0 10 ,First,#,01_ALUR_PELAYARAN,OBJECTID,-1,-1;NAMOBJ "NAMOBJ" true true false 250 Text 0 0 ,First,#,01_ALUR_PELAYARAN,NAMOBJ,-1,-1;ORDE01 "ORDE01" true true false 10 Long 0 10 ,First,#,01_ALUR_PELAYARAN,ORDE01,-1,-1;ORDE02 "ORDE02" true true false 10 Long 0 10 ,First,#,01_ALUR_PELAYARAN,ORDE02,-1,-1;ORDE03 "ORDE03" true true false 10 Long 0 10 ,First,#,01_ALUR_PELAYARAN,ORDE03,-1,-1;ORDE04 "ORDE04" true true false 10 Long 0 10 ,First,#,01_ALUR_PELAYARAN,ORDE04,-1,-1;JNSRSR "JNSRSR" true true false 10 Long 0 10 ,First,#,01_ALUR_PELAYARAN,JNSRSR,-1,-1;STSJRN "STSJRN" true true false 10 Long 0 10 ,First,#,01_ALUR_PELAYARAN,STSJRN,-1,-1;WADMPR "WADMPR" true true false 250 Text 0 0 ,First,#,01_ALUR_PELAYARAN,WADMPR,-1,-1;REMARK "REMARK" true true false 250 Text 0 0 ,First,#,01_ALUR_PELAYARAN,REMARK,-1,-1;SBDATA "SBDATA" true true false 250 Text 0 0 ,First,#,01_ALUR_PELAYARAN,SBDATA,-1,-1;Keterangan "Keterangan" true true false 100 Text 0 0 ,First,#,01_ALUR_PELAYARAN,Keterangan,-1,-1;km "km" true true false 19 Double 0 0 ,First,#,01_ALUR_PELAYARAN,km,-1,-1;SHAPE_Leng "SHAPE_Leng" true true false 19 Double 0 0 ,First,#,01_ALUR_PELAYARAN,SHAPE_Leng,-1,-1" #</Process></lineage><itemProps><itemLocation><linkage Sync="TRUE">file://\\LAPTOP-CRQOBVLR\C$\Users\Syafrizal Hidayat\Documents\KEGIATAN\Kuliah\Project Pak RK Web Kalteng\Shp\02_STRUKTUR WIL LAUT\save\01_ALUR_PELAYARAN_TANPA_Z.shp</linkage><protocol Sync="TRUE">Local Area Network</protocol></itemLocation><itemName Sync="TRUE">01_ALUR_PELAYARAN_TANPA_Z</itemName><imsContentType Sync="TRUE">002</imsContentType><itemSize Sync="TRUE">0.000</itemSize></itemProps><coordRef><type Sync="TRUE">Geographic</type><geogcsn Sync="TRUE">GCS_WGS_1984</geogcsn><csUnits Sync="TRUE">Angular Unit: Degree (0.017453)</csUnits><peXml Sync="TRUE">&lt;GeographicCoordinateSystem xsi:type='typens:GeographicCoordinateSystem' xmlns:xsi='http://www.w3.org/2001/XMLSchema-instance' xmlns:xs='http://www.w3.org/2001/XMLSchema' xmlns:typens='http://www.esri.com/schemas/ArcGIS/10.7'&gt;&lt;WKT&gt;GEOGCS[&amp;quot;GCS_WGS_1984&amp;quot;,DATUM[&amp;quot;D_WGS_1984&amp;quot;,SPHEROID[&amp;quot;WGS_1984&amp;quot;,6378137.0,298.257223563]],PRIMEM[&amp;quot;Greenwich&amp;quot;,0.0],UNIT[&amp;quot;Degree&amp;quot;,0.0174532925199433]],VERTCS[&amp;quot;EGM2008_Geoid&amp;quot;,VDATUM[&amp;quot;EGM2008_Geoid&amp;quot;],PARAMETER[&amp;quot;Vertical_Shift&amp;quot;,0.0],PARAMETER[&amp;quot;Direction&amp;quot;,1.0],UNIT[&amp;quot;Meter&amp;quot;,1.0]]&lt;/WKT&gt;&lt;XOrigin&gt;-400&lt;/XOrigin&gt;&lt;YOrigin&gt;-400&lt;/YOrigin&gt;&lt;XYScale&gt;11258999068426.238&lt;/XYScale&gt;&lt;ZOrigin&gt;-100000&lt;/ZOrigin&gt;&lt;ZScale&gt;10000&lt;/ZScale&gt;&lt;MOrigin&gt;-100000&lt;/MOrigin&gt;&lt;MScale&gt;10000&lt;/MScale&gt;&lt;XYTolerance&gt;8.983152841195215e-09&lt;/XYTolerance&gt;&lt;ZTolerance&gt;0.001&lt;/ZTolerance&gt;&lt;MTolerance&gt;0.001&lt;/MTolerance&gt;&lt;HighPrecision&gt;true&lt;/HighPrecision&gt;&lt;LeftLongitude&gt;-180&lt;/LeftLongitude&gt;&lt;WKID&gt;4326&lt;/WKID&gt;&lt;LatestWKID&gt;4326&lt;/LatestWKID&gt;&lt;VCSWKID&gt;105790&lt;/VCSWKID&gt;&lt;LatestVCSWKID&gt;3855&lt;/LatestVCSWKID&gt;&lt;/GeographicCoordinateSystem&gt;</peXml></coordRef></DataProperties><SyncDate>20241111</SyncDate><SyncTime>08351100</SyncTime><ModDate>20241111</ModDate><ModTime>08351100</ModTime></Esri><dataIdInfo><envirDesc Sync="TRUE"> Version 6.2 (Build 9200) ; Esri ArcGIS 10.8.0.12790</envirDesc><dataLang><languageCode value="eng" Sync="TRUE"></languageCode><countryCode value="IDN" Sync="TRUE"></countryCode></dataLang><idCitation><resTitle Sync="TRUE">01_ALUR_PELAYARAN_TANPA_Z</resTitle><presForm><PresFormCd value="005" Sync="TRUE"></PresFormCd></presForm></idCitation><spatRpType><SpatRepTypCd value="001" Sync="TRUE"></SpatRepTypCd></spatRpType></dataIdInfo><mdLang><languageCode value="eng" Sync="TRUE"></languageCode><countryCode value="IDN" Sync="TRUE"></countryCode></mdLang><mdChar><CharSetCd value="004" Sync="TRUE"></CharSetCd></mdChar><distInfo><distFormat><formatName Sync="TRUE">Shapefile</formatName></distFormat><distTranOps><transSize Sync="TRUE">0.000</transSize></distTranOps></distInfo><mdHrLv><ScopeCd value="005" Sync="TRUE"></ScopeCd></mdHrLv><mdHrLvName Sync="TRUE">dataset</mdHrLvName><refSysInfo><RefSystem><refSysID><identCode code="4326" Sync="TRUE"></identCode><idCodeSpace Sync="TRUE">EPSG</idCodeSpace><idVersion Sync="TRUE">6.14(3.0.1)</idVersion></refSysID></RefSystem></refSysInfo><spatRepInfo><VectSpatRep><geometObjs Name="01_ALUR_PELAYARAN_TANPA_Z"><geoObjTyp><GeoObjTypCd value="002" Sync="TRUE"></GeoObjTypCd></geoObjTyp><geoObjCnt Sync="TRUE">0</geoObjCnt></geometObjs><topLvl><TopoLevCd value="001" Sync="TRUE"></TopoLevCd></topLvl></VectSpatRep></spatRepInfo><spdoinfo><ptvctinf><esriterm Name="01_ALUR_PELAYARAN_TANPA_Z"><efeatyp Sync="TRUE">Simple</efeatyp><efeageom code="3" Sync="TRUE"></efeageom><esritopo Sync="TRUE">FALSE</esritopo><efeacnt Sync="TRUE">0</efeacnt><spindex Sync="TRUE">FALSE</spindex><linrefer Sync="TRUE">FALSE</linrefer></esriterm></ptvctinf></spdoinfo><eainfo><detailed Name="01_ALUR_PELAYARAN_TANPA_Z"><enttyp><enttypl Sync="TRUE">01_ALUR_PELAYARAN_TANPA_Z</enttypl><enttypt Sync="TRUE">Feature Class</enttypt><enttypc Sync="TRUE">0</enttypc></enttyp><attr><attrlabl Sync="TRUE">FID</attrlabl><attalias Sync="TRUE">FID</attalias><attrtype Sync="TRUE">OID</attrtype><attwidth Sync="TRUE">4</attwidth><atprecis Sync="TRUE">0</atprecis><attscale Sync="TRUE">0</attscale><attrdef Sync="TRUE">Internal feature number.</attrdef><attrdefs Sync="TRUE">Esri</attrdefs><attrdomv><udom Sync="TRUE">Sequential unique whole numbers that are automatically generated.</udom></attrdomv></attr><attr><attrlabl Sync="TRUE">Shape</attrlabl><attalias Sync="TRUE">Shape</attalias><attrtype Sync="TRUE">Geometry</attrtype><attwidth Sync="TRUE">0</attwidth><atprecis Sync="TRUE">0</atprecis><attscale Sync="TRUE">0</attscale><attrdef Sync="TRUE">Feature geometry.</attrdef><attrdefs Sync="TRUE">Esri</attrdefs><attrdomv><udom Sync="TRUE">Coordinates defining the features.</udom></attrdomv></attr><attr><attrlabl Sync="TRUE">OBJECTID</attrlabl><attalias Sync="TRUE">OBJECTID</attalias><attrtype Sync="TRUE">Integer</attrtype><attwidth Sync="TRUE">10</attwidth><atprecis Sync="TRUE">10</atprecis><attscale Sync="TRUE">0</attscale></attr><attr><attrlabl Sync="TRUE">NAMOBJ</attrlabl><attalias Sync="TRUE">NAMOBJ</attalias><attrtype Sync="TRUE">String</attrtype><attwidth Sync="TRUE">250</attwidth><atprecis Sync="TRUE">0</atprecis><attscale Sync="TRUE">0</attscale></attr><attr><attrlabl Sync="TRUE">ORDE01</attrlabl><attalias Sync="TRUE">ORDE01</attalias><attrtype Sync="TRUE">Integer</attrtype><attwidth Sync="TRUE">10</attwidth><atprecis Sync="TRUE">10</atprecis><attscale Sync="TRUE">0</attscale></attr><attr><attrlabl Sync="TRUE">ORDE02</attrlabl><attalias Sync="TRUE">ORDE02</attalias><attrtype Sync="TRUE">Integer</attrtype><attwidth Sync="TRUE">10</attwidth><atprecis Sync="TRUE">10</atprecis><attscale Sync="TRUE">0</attscale></attr><attr><attrlabl Sync="TRUE">ORDE03</attrlabl><attalias Sync="TRUE">ORDE03</attalias><attrtype Sync="TRUE">Integer</attrtype><attwidth Sync="TRUE">10</attwidth><atprecis Sync="TRUE">10</atprecis><attscale Sync="TRUE">0</attscale></attr><attr><attrlabl Sync="TRUE">ORDE04</attrlabl><attalias Sync="TRUE">ORDE04</attalias><attrtype Sync="TRUE">Integer</attrtype><attwidth Sync="TRUE">10</attwidth><atprecis Sync="TRUE">10</atprecis><attscale Sync="TRUE">0</attscale></attr><attr><attrlabl Sync="TRUE">JNSRSR</attrlabl><attalias Sync="TRUE">JNSRSR</attalias><attrtype Sync="TRUE">Integer</attrtype><attwidth Sync="TRUE">10</attwidth><atprecis Sync="TRUE">10</atprecis><attscale Sync="TRUE">0</attscale></attr><attr><attrlabl Sync="TRUE">STSJRN</attrlabl><attalias Sync="TRUE">STSJRN</attalias><attrtype Sync="TRUE">Integer</attrtype><attwidth Sync="TRUE">10</attwidth><atprecis Sync="TRUE">10</atprecis><attscale Sync="TRUE">0</attscale></attr><attr><attrlabl Sync="TRUE">WADMPR</attrlabl><attalias Sync="TRUE">WADMPR</attalias><attrtype Sync="TRUE">String</attrtype><attwidth Sync="TRUE">250</attwidth><atprecis Sync="TRUE">0</atprecis><attscale Sync="TRUE">0</attscale></attr><attr><attrlabl Sync="TRUE">REMARK</attrlabl><attalias Sync="TRUE">REMARK</attalias><attrtype Sync="TRUE">String</attrtype><attwidth Sync="TRUE">250</attwidth><atprecis Sync="TRUE">0</atprecis><attscale Sync="TRUE">0</attscale></attr><attr><attrlabl Sync="TRUE">SBDATA</attrlabl><attalias Sync="TRUE">SBDATA</attalias><attrtype Sync="TRUE">String</attrtype><attwidth Sync="TRUE">250</attwidth><atprecis Sync="TRUE">0</atprecis><attscale Sync="TRUE">0</attscale></attr><attr><attrlabl Sync="TRUE">Keterangan</attrlabl><attalias Sync="TRUE">Keterangan</attalias><attrtype Sync="TRUE">String</attrtype><attwidth Sync="TRUE">100</attwidth><atprecis Sync="TRUE">0</atprecis><attscale Sync="TRUE">0</attscale></attr><attr><attrlabl Sync="TRUE">km</attrlabl><attalias Sync="TRUE">km</attalias><attrtype Sync="TRUE">Double</attrtype><attwidth Sync="TRUE">19</attwidth><atprecis Sync="TRUE">0</atprecis><attscale Sync="TRUE">0</attscale></attr><attr><attrlabl Sync="TRUE">SHAPE_Leng</attrlabl><attalias Sync="TRUE">SHAPE_Leng</attalias><attrtype Sync="TRUE">Double</attrtype><attwidth Sync="TRUE">19</attwidth><atprecis Sync="TRUE">0</atprecis><attscale Sync="TRUE">0</attscale></attr></detailed></eainfo><mdDateSt Sync="TRUE">20241111</mdDateSt></metadata>
