<?xml version="1.0" encoding="UTF-8"?>
<metadata xml:lang="id"><Esri><CreaDate>20230112</CreaDate><CreaTime>10444000</CreaTime><ArcGISFormat>1.0</ArcGISFormat><SyncOnce>FALSE</SyncOnce><DataProperties><lineage><Process ToolSource="c:\program files\arcgis\desktop10.8\ArcToolbox\Toolboxes\Data Management Tools.tbx\CalculateField" Date="20220904" Time="233346">CalculateField "Sistem Infrastruktur Transportasi" SBDATA "Perda Nomor 5 Tahun 2015 Tentang RTRWP Kalimantan Tengah 2015-2035" VB #</Process><Process ToolSource="c:\program files\arcgis\desktop10.8\ArcToolbox\Toolboxes\Data Management Tools.tbx\CalculateField" Date="20220905" Time="163813">CalculateField "Sistem Infrastruktur Transportasi" CAT ""Konfirmasi DISHUB" " VB #</Process><Process ToolSource="c:\program files\arcgis\desktop10.8\ArcToolbox\Toolboxes\Data Management Tools.tbx\CalculateField" Date="20220905" Time="163909">CalculateField "Sistem Infrastruktur Transportasi" CAT ""Konfirmasi DISHUB tidak ada" " VB #</Process><Process ToolSource="c:\program files\arcgis\desktop10.8\ArcToolbox\Toolboxes\Data Management Tools.tbx\CalculateField" Date="20220905" Time="163944">CalculateField "Sistem Infrastruktur Transportasi" CAT ""Hasi Konfirmasi dengan DISHUB tidak ada" " VB #</Process><Process ToolSource="c:\program files\arcgis\desktop10.8\ArcToolbox\Toolboxes\Data Management Tools.tbx\CalculateField" Date="20220907" Time="113650">CalculateField "Sistem Infrastruktur Transportasi" SBDATA "Dinas Perhubungan Provinsi Kalimantan Tengah Tahun 2021" VB #</Process><Process ToolSource="c:\program files\arcgis\desktop10.8\ArcToolbox\Toolboxes\Data Management Tools.tbx\CalculateField" Date="20221001" Time="210514">CalculateField ok Kategori "Pengumpul" VB #</Process><Process ToolSource="c:\program files\arcgis\desktop10.8\ArcToolbox\Toolboxes\Data Management Tools.tbx\CalculateField" Date="20221001" Time="235118">CalculateField ok Kategori "Pelabuhan sungai dan danau pengumpan" VB #</Process><Process ToolSource="c:\program files\arcgis\desktop10.8\ArcToolbox\Toolboxes\Data Management Tools.tbx\CalculateField" Date="20221001" Time="235143">CalculateField ok Kategori "Pengumpan" VB #</Process><Process ToolSource="c:\program files\arcgis\desktop10.8\ArcToolbox\Toolboxes\Data Management Tools.tbx\CalculateField" Date="20221002" Time="002200">CalculateField ok Kategori "Pengumpul" VB #</Process><Process ToolSource="c:\program files\arcgis\desktop10.8\ArcToolbox\Toolboxes\Data Management Tools.tbx\CalculateField" Date="20221002" Time="002528">CalculateField ok Kategori "Pengumpan" VB #</Process><Process ToolSource="c:\program files\arcgis\desktop10.8\ArcToolbox\Toolboxes\Data Management Tools.tbx\CalculateField" Date="20221028" Time="130442">CalculateField "Sistem Infrastruktur Transportasi" SBDATA "Direktorat Jenderal Perhubungan Laut Direktorat Kepelabuhanan" VB #</Process><Process ToolSource="c:\program files\arcgis\desktop10.8\ArcToolbox\Toolboxes\Data Management Tools.tbx\CalculateField" Date="20221029" Time="141624">CalculateField "Sistem Infrastruktur Transportasi" SBDATA "Kebijakan Satu Peta (KSP)" VB #</Process><Process ToolSource="c:\program files\arcgis\desktop10.8\ArcToolbox\Toolboxes\Data Management Tools.tbx\CalculateField" Date="20221031" Time="001604">CalculateField "Sistem Infrastruktur Transportasi" NAMOBJ "Pelabuhan Penyeberangan" VB #</Process><Process ToolSource="c:\program files (x86)\arcgis\desktop10.8\ArcToolbox\Toolboxes\Data Management Tools.tbx\CalculateField" Date="20221127" Time="201220">CalculateField "Sistem Infrastruktur Transportasi" SBDATA "Geoportal Kebijakan Satu Peta (KSP)" VB #</Process><Process ToolSource="c:\program files (x86)\arcgis\desktop10.8\ArcToolbox\Toolboxes\Data Management Tools.tbx\CalculateField" Date="20221220" Time="175112">CalculateField "Sistem Infrastruktur Transportasi" ORDE01 "42030000" VB #</Process><Process ToolSource="c:\program files (x86)\arcgis\desktop10.8\ArcToolbox\Toolboxes\Data Management Tools.tbx\CalculateField" Date="20221220" Time="175130">CalculateField "Sistem Infrastruktur Transportasi" ORDE02 "12031000" VB #</Process><Process ToolSource="c:\program files (x86)\arcgis\desktop10.8\ArcToolbox\Toolboxes\Data Management Tools.tbx\CalculateField" Date="20221220" Time="175146">CalculateField "Sistem Infrastruktur Transportasi" ORDE03 "12031000" VB #</Process><Process ToolSource="c:\program files (x86)\arcgis\desktop10.8\ArcToolbox\Toolboxes\Data Management Tools.tbx\CalculateField" Date="20221220" Time="175156">CalculateField "Sistem Infrastruktur Transportasi" ORDE04 "12031000" VB #</Process><Process ToolSource="c:\program files (x86)\arcgis\desktop10.8\ArcToolbox\Toolboxes\Data Management Tools.tbx\CalculateField" Date="20221220" Time="175225">CalculateField "Sistem Infrastruktur Transportasi" SBDATA "Usulan Kabupaten" VB #</Process><Process ToolSource="c:\program files (x86)\arcgis\desktop10.8\ArcToolbox\Toolboxes\Data Management Tools.tbx\CalculateField" Date="20221220" Time="175455">CalculateField "Sistem Infrastruktur Transportasi" ORDE01 "42040000" VB #</Process><Process ToolSource="c:\program files (x86)\arcgis\desktop10.8\ArcToolbox\Toolboxes\Data Management Tools.tbx\CalculateField" Date="20221220" Time="175459">CalculateField "Sistem Infrastruktur Transportasi" ORDE02 "42040000" VB #</Process><Process ToolSource="c:\program files (x86)\arcgis\desktop10.8\ArcToolbox\Toolboxes\Data Management Tools.tbx\CalculateField" Date="20221220" Time="175516">CalculateField "Sistem Infrastruktur Transportasi" ORDE03 "12041800" VB #</Process><Process ToolSource="c:\program files (x86)\arcgis\desktop10.8\ArcToolbox\Toolboxes\Data Management Tools.tbx\CalculateField" Date="20221220" Time="175525">CalculateField "Sistem Infrastruktur Transportasi" ORDE04 "12041800" VB #</Process><Process ToolSource="c:\program files (x86)\arcgis\desktop10.8\ArcToolbox\Toolboxes\Data Management Tools.tbx\CalculateField" Date="20221220" Time="175606">CalculateField "Sistem Infrastruktur Transportasi" ORDE02 "12041000" VB #</Process><Process ToolSource="c:\program files (x86)\arcgis\desktop10.8\ArcToolbox\Toolboxes\Data Management Tools.tbx\CalculateField" Date="20221220" Time="175642">CalculateField "Sistem Infrastruktur Transportasi" JNSRSR "42000000" VB #</Process><Process ToolSource="c:\program files (x86)\arcgis\desktop10.8\ArcToolbox\Toolboxes\Data Management Tools.tbx\CalculateField" Date="20221220" Time="175745">CalculateField "Sistem Infrastruktur Transportasi" WADMPR "Provinsi Kalimantan Tengah" VB #</Process><Process ToolSource="c:\program files (x86)\arcgis\desktop10.8\ArcToolbox\Toolboxes\Data Management Tools.tbx\CalculateField" Date="20221220" Time="175805">CalculateField "Sistem Infrastruktur Transportasi" SBDATA "Usulan Kabupaten" VB #</Process><Process ToolSource="c:\program files (x86)\arcgis\desktop10.8\ArcToolbox\Toolboxes\Conversion Tools.tbx\FeatureClassToFeatureClass" Date="20241111" Time="083813">FeatureClassToFeatureClass 04_SISTEM_JARINGAN_TRANSPORTASI_LAUT "C:\Users\Syafrizal Hidayat\Documents\KEGIATAN\Kuliah\Project Pak RK Web Kalteng\Shp\02_STRUKTUR WIL LAUT\save" 04_TRANSPORTASI_TANPA_Z.shp # "OBJECTID "OBJECTID" true true false 10 Long 0 10 ,First,#,04_SISTEM_JARINGAN_TRANSPORTASI_LAUT,OBJECTID,-1,-1;NAMOBJ "NAMOBJ" true true false 250 Text 0 0 ,First,#,04_SISTEM_JARINGAN_TRANSPORTASI_LAUT,NAMOBJ,-1,-1;ORDE01 "ORDE01" true true false 10 Long 0 10 ,First,#,04_SISTEM_JARINGAN_TRANSPORTASI_LAUT,ORDE01,-1,-1;ORDE02 "ORDE02" true true false 10 Long 0 10 ,First,#,04_SISTEM_JARINGAN_TRANSPORTASI_LAUT,ORDE02,-1,-1;ORDE03 "ORDE03" true true false 10 Long 0 10 ,First,#,04_SISTEM_JARINGAN_TRANSPORTASI_LAUT,ORDE03,-1,-1;ORDE04 "ORDE04" true true false 10 Long 0 10 ,First,#,04_SISTEM_JARINGAN_TRANSPORTASI_LAUT,ORDE04,-1,-1;JNSRSR "JNSRSR" true true false 10 Long 0 10 ,First,#,04_SISTEM_JARINGAN_TRANSPORTASI_LAUT,JNSRSR,-1,-1;STSJRN "STSJRN" true true false 10 Long 0 10 ,First,#,04_SISTEM_JARINGAN_TRANSPORTASI_LAUT,STSJRN,-1,-1;WADMPR "WADMPR" true true false 250 Text 0 0 ,First,#,04_SISTEM_JARINGAN_TRANSPORTASI_LAUT,WADMPR,-1,-1;REMARK "REMARK" true true false 250 Text 0 0 ,First,#,04_SISTEM_JARINGAN_TRANSPORTASI_LAUT,REMARK,-1,-1;SBDATA "SBDATA" true true false 250 Text 0 0 ,First,#,04_SISTEM_JARINGAN_TRANSPORTASI_LAUT,SBDATA,-1,-1;Kategori "Kategori" true true false 40 Text 0 0 ,First,#,04_SISTEM_JARINGAN_TRANSPORTASI_LAUT,Kategori,-1,-1" #</Process></lineage><itemProps><itemName Sync="TRUE">04_TRANSPORTASI_TANPA_Z</itemName><imsContentType Sync="TRUE">002</imsContentType><itemSize Sync="TRUE">0.000</itemSize><itemLocation><linkage Sync="TRUE">file://\\LAPTOP-CRQOBVLR\C$\Users\Syafrizal Hidayat\Documents\KEGIATAN\Kuliah\Project Pak RK Web Kalteng\Shp\02_STRUKTUR WIL LAUT\save\04_TRANSPORTASI_TANPA_Z.shp</linkage><protocol Sync="TRUE">Local Area Network</protocol></itemLocation></itemProps><coordRef><type Sync="TRUE">Geographic</type><geogcsn Sync="TRUE">GCS_WGS_1984</geogcsn><csUnits Sync="TRUE">Angular Unit: Degree (0.017453)</csUnits><peXml Sync="TRUE">&lt;GeographicCoordinateSystem xsi:type='typens:GeographicCoordinateSystem' xmlns:xsi='http://www.w3.org/2001/XMLSchema-instance' xmlns:xs='http://www.w3.org/2001/XMLSchema' xmlns:typens='http://www.esri.com/schemas/ArcGIS/10.7'&gt;&lt;WKT&gt;GEOGCS[&amp;quot;GCS_WGS_1984&amp;quot;,DATUM[&amp;quot;D_WGS_1984&amp;quot;,SPHEROID[&amp;quot;WGS_1984&amp;quot;,6378137.0,298.257223563]],PRIMEM[&amp;quot;Greenwich&amp;quot;,0.0],UNIT[&amp;quot;Degree&amp;quot;,0.0174532925199433]],VERTCS[&amp;quot;EGM2008_Geoid&amp;quot;,VDATUM[&amp;quot;EGM2008_Geoid&amp;quot;],PARAMETER[&amp;quot;Vertical_Shift&amp;quot;,0.0],PARAMETER[&amp;quot;Direction&amp;quot;,1.0],UNIT[&amp;quot;Meter&amp;quot;,1.0]]&lt;/WKT&gt;&lt;XOrigin&gt;-400&lt;/XOrigin&gt;&lt;YOrigin&gt;-400&lt;/YOrigin&gt;&lt;XYScale&gt;11258999068426.238&lt;/XYScale&gt;&lt;ZOrigin&gt;-100000&lt;/ZOrigin&gt;&lt;ZScale&gt;10000&lt;/ZScale&gt;&lt;MOrigin&gt;-100000&lt;/MOrigin&gt;&lt;MScale&gt;10000&lt;/MScale&gt;&lt;XYTolerance&gt;8.983152841195215e-09&lt;/XYTolerance&gt;&lt;ZTolerance&gt;0.001&lt;/ZTolerance&gt;&lt;MTolerance&gt;0.001&lt;/MTolerance&gt;&lt;HighPrecision&gt;true&lt;/HighPrecision&gt;&lt;LeftLongitude&gt;-180&lt;/LeftLongitude&gt;&lt;WKID&gt;4326&lt;/WKID&gt;&lt;LatestWKID&gt;4326&lt;/LatestWKID&gt;&lt;VCSWKID&gt;105790&lt;/VCSWKID&gt;&lt;LatestVCSWKID&gt;3855&lt;/LatestVCSWKID&gt;&lt;/GeographicCoordinateSystem&gt;</peXml></coordRef></DataProperties><SyncDate>20241111</SyncDate><SyncTime>08381200</SyncTime><ModDate>20241111</ModDate><ModTime>08381200</ModTime></Esri><dataIdInfo><envirDesc Sync="TRUE"> Version 6.2 (Build 9200) ; Esri ArcGIS 10.8.0.12790</envirDesc><dataLang><languageCode value="eng" Sync="TRUE"></languageCode><countryCode value="IDN" Sync="TRUE"></countryCode></dataLang><idCitation><resTitle Sync="TRUE">04_TRANSPORTASI_TANPA_Z</resTitle><presForm><PresFormCd value="005" Sync="TRUE"></PresFormCd></presForm></idCitation><spatRpType><SpatRepTypCd value="001" Sync="TRUE"></SpatRepTypCd></spatRpType></dataIdInfo><mdLang><languageCode value="eng" Sync="TRUE"></languageCode><countryCode value="IDN" Sync="TRUE"></countryCode></mdLang><mdChar><CharSetCd value="004" Sync="TRUE"></CharSetCd></mdChar><distInfo><distFormat><formatName Sync="TRUE">Shapefile</formatName></distFormat><distTranOps><transSize Sync="TRUE">0.000</transSize></distTranOps></distInfo><mdHrLv><ScopeCd value="005" Sync="TRUE"></ScopeCd></mdHrLv><mdHrLvName Sync="TRUE">dataset</mdHrLvName><refSysInfo><RefSystem><refSysID><identCode code="4326" Sync="TRUE"></identCode><idCodeSpace Sync="TRUE">EPSG</idCodeSpace><idVersion Sync="TRUE">6.14(3.0.1)</idVersion></refSysID></RefSystem></refSysInfo><spatRepInfo><VectSpatRep><geometObjs Name="04_TRANSPORTASI_TANPA_Z"><geoObjTyp><GeoObjTypCd value="004" Sync="TRUE"></GeoObjTypCd></geoObjTyp><geoObjCnt Sync="TRUE">0</geoObjCnt></geometObjs><topLvl><TopoLevCd value="001" Sync="TRUE"></TopoLevCd></topLvl></VectSpatRep></spatRepInfo><spdoinfo><ptvctinf><esriterm Name="04_TRANSPORTASI_TANPA_Z"><efeatyp Sync="TRUE">Simple</efeatyp><efeageom code="1" Sync="TRUE"></efeageom><esritopo Sync="TRUE">FALSE</esritopo><efeacnt Sync="TRUE">0</efeacnt><spindex Sync="TRUE">FALSE</spindex><linrefer Sync="TRUE">FALSE</linrefer></esriterm></ptvctinf></spdoinfo><eainfo><detailed Name="04_TRANSPORTASI_TANPA_Z"><enttyp><enttypl Sync="TRUE">04_TRANSPORTASI_TANPA_Z</enttypl><enttypt Sync="TRUE">Feature Class</enttypt><enttypc Sync="TRUE">0</enttypc></enttyp><attr><attrlabl Sync="TRUE">FID</attrlabl><attalias Sync="TRUE">FID</attalias><attrtype Sync="TRUE">OID</attrtype><attwidth Sync="TRUE">4</attwidth><atprecis Sync="TRUE">0</atprecis><attscale Sync="TRUE">0</attscale><attrdef Sync="TRUE">Internal feature number.</attrdef><attrdefs Sync="TRUE">Esri</attrdefs><attrdomv><udom Sync="TRUE">Sequential unique whole numbers that are automatically generated.</udom></attrdomv></attr><attr><attrlabl Sync="TRUE">Shape</attrlabl><attalias Sync="TRUE">Shape</attalias><attrtype Sync="TRUE">Geometry</attrtype><attwidth Sync="TRUE">0</attwidth><atprecis Sync="TRUE">0</atprecis><attscale Sync="TRUE">0</attscale><attrdef Sync="TRUE">Feature geometry.</attrdef><attrdefs Sync="TRUE">Esri</attrdefs><attrdomv><udom Sync="TRUE">Coordinates defining the features.</udom></attrdomv></attr><attr><attrlabl Sync="TRUE">OBJECTID</attrlabl><attalias Sync="TRUE">OBJECTID</attalias><attrtype Sync="TRUE">Integer</attrtype><attwidth Sync="TRUE">10</attwidth><atprecis Sync="TRUE">10</atprecis><attscale Sync="TRUE">0</attscale></attr><attr><attrlabl Sync="TRUE">NAMOBJ</attrlabl><attalias Sync="TRUE">NAMOBJ</attalias><attrtype Sync="TRUE">String</attrtype><attwidth Sync="TRUE">250</attwidth><atprecis Sync="TRUE">0</atprecis><attscale Sync="TRUE">0</attscale></attr><attr><attrlabl Sync="TRUE">ORDE01</attrlabl><attalias Sync="TRUE">ORDE01</attalias><attrtype Sync="TRUE">Integer</attrtype><attwidth Sync="TRUE">10</attwidth><atprecis Sync="TRUE">10</atprecis><attscale Sync="TRUE">0</attscale></attr><attr><attrlabl Sync="TRUE">ORDE02</attrlabl><attalias Sync="TRUE">ORDE02</attalias><attrtype Sync="TRUE">Integer</attrtype><attwidth Sync="TRUE">10</attwidth><atprecis Sync="TRUE">10</atprecis><attscale Sync="TRUE">0</attscale></attr><attr><attrlabl Sync="TRUE">ORDE03</attrlabl><attalias Sync="TRUE">ORDE03</attalias><attrtype Sync="TRUE">Integer</attrtype><attwidth Sync="TRUE">10</attwidth><atprecis Sync="TRUE">10</atprecis><attscale Sync="TRUE">0</attscale></attr><attr><attrlabl Sync="TRUE">ORDE04</attrlabl><attalias Sync="TRUE">ORDE04</attalias><attrtype Sync="TRUE">Integer</attrtype><attwidth Sync="TRUE">10</attwidth><atprecis Sync="TRUE">10</atprecis><attscale Sync="TRUE">0</attscale></attr><attr><attrlabl Sync="TRUE">JNSRSR</attrlabl><attalias Sync="TRUE">JNSRSR</attalias><attrtype Sync="TRUE">Integer</attrtype><attwidth Sync="TRUE">10</attwidth><atprecis Sync="TRUE">10</atprecis><attscale Sync="TRUE">0</attscale></attr><attr><attrlabl Sync="TRUE">STSJRN</attrlabl><attalias Sync="TRUE">STSJRN</attalias><attrtype Sync="TRUE">Integer</attrtype><attwidth Sync="TRUE">10</attwidth><atprecis Sync="TRUE">10</atprecis><attscale Sync="TRUE">0</attscale></attr><attr><attrlabl Sync="TRUE">WADMPR</attrlabl><attalias Sync="TRUE">WADMPR</attalias><attrtype Sync="TRUE">String</attrtype><attwidth Sync="TRUE">250</attwidth><atprecis Sync="TRUE">0</atprecis><attscale Sync="TRUE">0</attscale></attr><attr><attrlabl Sync="TRUE">REMARK</attrlabl><attalias Sync="TRUE">REMARK</attalias><attrtype Sync="TRUE">String</attrtype><attwidth Sync="TRUE">250</attwidth><atprecis Sync="TRUE">0</atprecis><attscale Sync="TRUE">0</attscale></attr><attr><attrlabl Sync="TRUE">SBDATA</attrlabl><attalias Sync="TRUE">SBDATA</attalias><attrtype Sync="TRUE">String</attrtype><attwidth Sync="TRUE">250</attwidth><atprecis Sync="TRUE">0</atprecis><attscale Sync="TRUE">0</attscale></attr><attr><attrlabl Sync="TRUE">Kategori</attrlabl><attalias Sync="TRUE">Kategori</attalias><attrtype Sync="TRUE">String</attrtype><attwidth Sync="TRUE">40</attwidth><atprecis Sync="TRUE">0</atprecis><attscale Sync="TRUE">0</attscale></attr></detailed></eainfo><mdDateSt Sync="TRUE">20241111</mdDateSt></metadata>
