<?xml version="1.0" encoding="UTF-8"?>
<metadata xml:lang="id"><Esri><CreaDate>20230112</CreaDate><CreaTime>10390500</CreaTime><ArcGISFormat>1.0</ArcGISFormat><SyncOnce>FALSE</SyncOnce><DataProperties><lineage><Process ToolSource="c:\program files\arcgis\desktop10.8\ArcToolbox\Toolboxes\Data Management Tools.tbx\CalculateField" Date="20220904" Time="004216">CalculateField "Sistem Jaringan Telekomunikasi" WADMPR "Provinsi Kalimantan Tengah" VB #</Process><Process ToolSource="c:\program files\arcgis\desktop10.8\ArcToolbox\Toolboxes\Data Management Tools.tbx\CalculateField" Date="20220906" Time="094538">CalculateField "Sistem Jaringan Telekomunikasi" SBDATA "SKSO Sistem Kabel Serat Optik Tahun 2022" VB #</Process><Process ToolSource="c:\program files\arcgis\desktop10.8\ArcToolbox\Toolboxes\Data Management Tools.tbx\CalculateField" Date="20220921" Time="005758">CalculateField "Sistem Jaringan Telekomunikasi" SBDATA "Perda Nomor 1 Tahun 2019 tentang RZWP-3-K Provinsi Kalimantan Tengah Tahun 2019-2039" VB #</Process><Process ToolSource="c:\program files\arcgis\desktop10.8\ArcToolbox\Toolboxes\Data Management Tools.tbx\CalculateField" Date="20221118" Time="111924">CalculateField "Sistem Jaringan Telekomunikasi" SBDATA "Keputusan Menteri Kelautan Dan Perikanan Republik Indonesia Nomor 14 Tahun 2021 Tentang Alur Pipa Dan/Atau Kabel Bawah Laut"
 VB #</Process><Process ToolSource="c:\program files\arcgis\desktop10.8\ArcToolbox\Toolboxes\Data Management Tools.tbx\CalculateField" Date="20221118" Time="112200">CalculateField "Sistem Jaringan Telekomunikasi" Keterangan "SKSO Sistem Kabel Serat Optik Tahun 2022"
 VB #</Process><Process ToolSource="c:\program files\arcgis\desktop10.8\ArcToolbox\Toolboxes\Data Management Tools.tbx\CalculateField" Date="20221118" Time="112239">CalculateField "Sistem Jaringan Telekomunikasi" SBDATA "Geoportal Kebijakan Satu Peta (KSP)"
 VB #</Process><Process ToolSource="c:\program files\arcgis\desktop10.8\ArcToolbox\Toolboxes\Data Management Tools.tbx\CalculateField" Date="20221118" Time="112327">CalculateField "Sistem Jaringan Telekomunikasi" STSJRN "1"
 VB #</Process><Process ToolSource="c:\program files (x86)\arcgis\desktop10.8\ArcToolbox\Toolboxes\Data Management Tools.tbx\CalculateField" Date="20221127" Time="203825">CalculateField "Sistem Jaringan Telekomunikasi" NAMOBJ "Jaringan Tetap" VB #</Process><Process ToolSource="c:\program files (x86)\arcgis\desktop10.8\ArcToolbox\Toolboxes\Data Management Tools.tbx\CalculateField" Date="20221127" Time="204222">CalculateField "Sistem Jaringan Telekomunikasi" ORDE01 "24010000" VB #</Process><Process ToolSource="c:\program files (x86)\arcgis\desktop10.8\ArcToolbox\Toolboxes\Data Management Tools.tbx\CalculateField" Date="20221127" Time="204228">CalculateField "Sistem Jaringan Telekomunikasi" ORDE02 "24010000" VB #</Process><Process ToolSource="c:\program files (x86)\arcgis\desktop10.8\ArcToolbox\Toolboxes\Data Management Tools.tbx\CalculateField" Date="20221127" Time="204232">CalculateField "Sistem Jaringan Telekomunikasi" ORDE03 "24010000" VB #</Process><Process ToolSource="c:\program files (x86)\arcgis\desktop10.8\ArcToolbox\Toolboxes\Data Management Tools.tbx\CalculateField" Date="20221127" Time="204236">CalculateField "Sistem Jaringan Telekomunikasi" ORDE04 "24010000" VB #</Process><Process ToolSource="c:\program files (x86)\arcgis\desktop10.8\ArcToolbox\Toolboxes\Data Management Tools.tbx\CalculateField" Date="20221127" Time="204248">CalculateField "Sistem Jaringan Telekomunikasi" JNSRSR "44000000" VB #</Process><Process ToolSource="c:\program files (x86)\arcgis\desktop10.8\ArcToolbox\Toolboxes\Data Management Tools.tbx\CalculateField" Date="20221127" Time="204304">CalculateField "Sistem Jaringan Telekomunikasi" STSJRN "1" VB #</Process><Process ToolSource="c:\program files (x86)\arcgis\desktop10.8\ArcToolbox\Toolboxes\Data Management Tools.tbx\CalculateField" Date="20221127" Time="204313">CalculateField "Sistem Jaringan Telekomunikasi" WADMPR "Provinsi Kalimantan Tengah" VB #</Process><Process ToolSource="c:\program files (x86)\arcgis\desktop10.8\ArcToolbox\Toolboxes\Data Management Tools.tbx\CalculateField" Date="20221127" Time="204427">CalculateField "Sistem Jaringan Telekomunikasi" SBDATA "Geoportal Kebijakan Satu Peta (KSP)" VB #</Process><Process ToolSource="c:\program files (x86)\arcgis\desktop10.8\ArcToolbox\Toolboxes\Data Management Tools.tbx\CalculateField" Date="20221127" Time="204930">CalculateField "Sistem Jaringan Telekomunikasi" ORDE01 "24010000" VB #</Process><Process ToolSource="c:\program files (x86)\arcgis\desktop10.8\ArcToolbox\Toolboxes\Data Management Tools.tbx\CalculateField" Date="20221127" Time="204935">CalculateField "Sistem Jaringan Telekomunikasi" ORDE02 "24010000" VB #</Process><Process ToolSource="c:\program files (x86)\arcgis\desktop10.8\ArcToolbox\Toolboxes\Data Management Tools.tbx\CalculateField" Date="20221127" Time="204939">CalculateField "Sistem Jaringan Telekomunikasi" ORDE03 "24010000" VB #</Process><Process ToolSource="c:\program files (x86)\arcgis\desktop10.8\ArcToolbox\Toolboxes\Data Management Tools.tbx\CalculateField" Date="20221127" Time="205001">CalculateField "Sistem Jaringan Telekomunikasi" ORDE04 "24010000" VB #</Process><Process ToolSource="c:\program files (x86)\arcgis\desktop10.8\ArcToolbox\Toolboxes\Data Management Tools.tbx\CalculateField" Date="20221127" Time="205016">CalculateField "Sistem Jaringan Telekomunikasi" JNSRSR "44000000" VB #</Process><Process ToolSource="c:\program files (x86)\arcgis\desktop10.8\ArcToolbox\Toolboxes\Data Management Tools.tbx\CalculateField" Date="20221127" Time="205030">CalculateField "Sistem Jaringan Telekomunikasi" STSJRN "1" VB #</Process><Process ToolSource="c:\program files (x86)\arcgis\desktop10.8\ArcToolbox\Toolboxes\Data Management Tools.tbx\CalculateField" Date="20221127" Time="205046">CalculateField "Sistem Jaringan Telekomunikasi" WADMPR "Provinsi Kalimantan Tengah" VB #</Process><Process ToolSource="c:\program files (x86)\arcgis\desktop10.8\ArcToolbox\Toolboxes\Data Management Tools.tbx\CalculateField" Date="20221127" Time="205147">CalculateField "Sistem Jaringan Telekomunikasi" SBDATA "Geoportal Kebijakan Satu Peta (KSP)" VB #</Process><Process ToolSource="c:\program files (x86)\arcgis\desktop10.8\ArcToolbox\Toolboxes\Data Management Tools.tbx\CalculateField" Date="20221128" Time="134602">CalculateField "Sistem Jaringan Telekomunikasi" SBDATA "Badan Aksesibiltas Telokumunikasi dan Informasi (BAKTI) KOMINFO, 2022" VB #</Process><Process ToolSource="c:\program files (x86)\arcgis\desktop10.8\ArcToolbox\Toolboxes\Conversion Tools.tbx\FeatureClassToFeatureClass" Date="20241111" Time="083610">FeatureClassToFeatureClass 02_KABEL_BAWAH_LAUT "C:\Users\Syafrizal Hidayat\Documents\KEGIATAN\Kuliah\Project Pak RK Web Kalteng\Shp\02_STRUKTUR WIL LAUT\save" 02_KABEL_BAWAH_LAUT_TANPA_Z.shp # "OBJECTID "OBJECTID" true true false 10 Long 0 10 ,First,#,02_KABEL_BAWAH_LAUT,OBJECTID,-1,-1;NAMOBJ "NAMOBJ" true true false 250 Text 0 0 ,First,#,02_KABEL_BAWAH_LAUT,NAMOBJ,-1,-1;ORDE01 "ORDE01" true true false 10 Long 0 10 ,First,#,02_KABEL_BAWAH_LAUT,ORDE01,-1,-1;ORDE02 "ORDE02" true true false 10 Long 0 10 ,First,#,02_KABEL_BAWAH_LAUT,ORDE02,-1,-1;ORDE03 "ORDE03" true true false 10 Long 0 10 ,First,#,02_KABEL_BAWAH_LAUT,ORDE03,-1,-1;ORDE04 "ORDE04" true true false 10 Long 0 10 ,First,#,02_KABEL_BAWAH_LAUT,ORDE04,-1,-1;JNSRSR "JNSRSR" true true false 10 Long 0 10 ,First,#,02_KABEL_BAWAH_LAUT,JNSRSR,-1,-1;STSJRN "STSJRN" true true false 10 Long 0 10 ,First,#,02_KABEL_BAWAH_LAUT,STSJRN,-1,-1;WADMPR "WADMPR" true true false 250 Text 0 0 ,First,#,02_KABEL_BAWAH_LAUT,WADMPR,-1,-1;REMARK "REMARK" true true false 250 Text 0 0 ,First,#,02_KABEL_BAWAH_LAUT,REMARK,-1,-1;SBDATA "SBDATA" true true false 250 Text 0 0 ,First,#,02_KABEL_BAWAH_LAUT,SBDATA,-1,-1;SHAPE_Leng "SHAPE_Leng" true true false 19 Double 0 0 ,First,#,02_KABEL_BAWAH_LAUT,SHAPE_Leng,-1,-1;Keterangan "Keterangan" true true false 90 Text 0 0 ,First,#,02_KABEL_BAWAH_LAUT,Keterangan,-1,-1" #</Process></lineage><itemProps><itemName Sync="TRUE">02_KABEL_BAWAH_LAUT_TANPA_Z</itemName><imsContentType Sync="TRUE">002</imsContentType><itemSize Sync="TRUE">0.000</itemSize><itemLocation><linkage Sync="TRUE">file://\\LAPTOP-CRQOBVLR\C$\Users\Syafrizal Hidayat\Documents\KEGIATAN\Kuliah\Project Pak RK Web Kalteng\Shp\02_STRUKTUR WIL LAUT\save\02_KABEL_BAWAH_LAUT_TANPA_Z.shp</linkage><protocol Sync="TRUE">Local Area Network</protocol></itemLocation></itemProps><coordRef><type Sync="TRUE">Geographic</type><geogcsn Sync="TRUE">GCS_WGS_1984</geogcsn><csUnits Sync="TRUE">Angular Unit: Degree (0.017453)</csUnits><peXml Sync="TRUE">&lt;GeographicCoordinateSystem xsi:type='typens:GeographicCoordinateSystem' xmlns:xsi='http://www.w3.org/2001/XMLSchema-instance' xmlns:xs='http://www.w3.org/2001/XMLSchema' xmlns:typens='http://www.esri.com/schemas/ArcGIS/10.7'&gt;&lt;WKT&gt;GEOGCS[&amp;quot;GCS_WGS_1984&amp;quot;,DATUM[&amp;quot;D_WGS_1984&amp;quot;,SPHEROID[&amp;quot;WGS_1984&amp;quot;,6378137.0,298.257223563]],PRIMEM[&amp;quot;Greenwich&amp;quot;,0.0],UNIT[&amp;quot;Degree&amp;quot;,0.0174532925199433]],VERTCS[&amp;quot;EGM2008_Geoid&amp;quot;,VDATUM[&amp;quot;EGM2008_Geoid&amp;quot;],PARAMETER[&amp;quot;Vertical_Shift&amp;quot;,0.0],PARAMETER[&amp;quot;Direction&amp;quot;,1.0],UNIT[&amp;quot;Meter&amp;quot;,1.0]]&lt;/WKT&gt;&lt;XOrigin&gt;-400&lt;/XOrigin&gt;&lt;YOrigin&gt;-400&lt;/YOrigin&gt;&lt;XYScale&gt;11258999068426.238&lt;/XYScale&gt;&lt;ZOrigin&gt;-100000&lt;/ZOrigin&gt;&lt;ZScale&gt;10000&lt;/ZScale&gt;&lt;MOrigin&gt;-100000&lt;/MOrigin&gt;&lt;MScale&gt;10000&lt;/MScale&gt;&lt;XYTolerance&gt;8.983152841195215e-09&lt;/XYTolerance&gt;&lt;ZTolerance&gt;0.001&lt;/ZTolerance&gt;&lt;MTolerance&gt;0.001&lt;/MTolerance&gt;&lt;HighPrecision&gt;true&lt;/HighPrecision&gt;&lt;LeftLongitude&gt;-180&lt;/LeftLongitude&gt;&lt;WKID&gt;4326&lt;/WKID&gt;&lt;LatestWKID&gt;4326&lt;/LatestWKID&gt;&lt;VCSWKID&gt;105790&lt;/VCSWKID&gt;&lt;LatestVCSWKID&gt;3855&lt;/LatestVCSWKID&gt;&lt;/GeographicCoordinateSystem&gt;</peXml></coordRef></DataProperties><SyncDate>20241111</SyncDate><SyncTime>08360900</SyncTime><ModDate>20241111</ModDate><ModTime>08360900</ModTime></Esri><dataIdInfo><envirDesc Sync="TRUE"> Version 6.2 (Build 9200) ; Esri ArcGIS 10.8.0.12790</envirDesc><dataLang><languageCode value="eng" Sync="TRUE"></languageCode><countryCode value="IDN" Sync="TRUE"></countryCode></dataLang><idCitation><resTitle Sync="TRUE">02_KABEL_BAWAH_LAUT_TANPA_Z</resTitle><presForm><PresFormCd value="005" Sync="TRUE"></PresFormCd></presForm></idCitation><spatRpType><SpatRepTypCd value="001" Sync="TRUE"></SpatRepTypCd></spatRpType></dataIdInfo><mdLang><languageCode value="eng" Sync="TRUE"></languageCode><countryCode value="IDN" Sync="TRUE"></countryCode></mdLang><mdChar><CharSetCd value="004" Sync="TRUE"></CharSetCd></mdChar><distInfo><distFormat><formatName Sync="TRUE">Shapefile</formatName></distFormat><distTranOps><transSize Sync="TRUE">0.000</transSize></distTranOps></distInfo><mdHrLv><ScopeCd value="005" Sync="TRUE"></ScopeCd></mdHrLv><mdHrLvName Sync="TRUE">dataset</mdHrLvName><refSysInfo><RefSystem><refSysID><identCode code="4326" Sync="TRUE"></identCode><idCodeSpace Sync="TRUE">EPSG</idCodeSpace><idVersion Sync="TRUE">6.14(3.0.1)</idVersion></refSysID></RefSystem></refSysInfo><spatRepInfo><VectSpatRep><geometObjs Name="02_KABEL_BAWAH_LAUT_TANPA_Z"><geoObjTyp><GeoObjTypCd value="002" Sync="TRUE"></GeoObjTypCd></geoObjTyp><geoObjCnt Sync="TRUE">0</geoObjCnt></geometObjs><topLvl><TopoLevCd value="001" Sync="TRUE"></TopoLevCd></topLvl></VectSpatRep></spatRepInfo><spdoinfo><ptvctinf><esriterm Name="02_KABEL_BAWAH_LAUT_TANPA_Z"><efeatyp Sync="TRUE">Simple</efeatyp><efeageom code="3" Sync="TRUE"></efeageom><esritopo Sync="TRUE">FALSE</esritopo><efeacnt Sync="TRUE">0</efeacnt><spindex Sync="TRUE">FALSE</spindex><linrefer Sync="TRUE">FALSE</linrefer></esriterm></ptvctinf></spdoinfo><eainfo><detailed Name="02_KABEL_BAWAH_LAUT_TANPA_Z"><enttyp><enttypl Sync="TRUE">02_KABEL_BAWAH_LAUT_TANPA_Z</enttypl><enttypt Sync="TRUE">Feature Class</enttypt><enttypc Sync="TRUE">0</enttypc></enttyp><attr><attrlabl Sync="TRUE">FID</attrlabl><attalias Sync="TRUE">FID</attalias><attrtype Sync="TRUE">OID</attrtype><attwidth Sync="TRUE">4</attwidth><atprecis Sync="TRUE">0</atprecis><attscale Sync="TRUE">0</attscale><attrdef Sync="TRUE">Internal feature number.</attrdef><attrdefs Sync="TRUE">Esri</attrdefs><attrdomv><udom Sync="TRUE">Sequential unique whole numbers that are automatically generated.</udom></attrdomv></attr><attr><attrlabl Sync="TRUE">Shape</attrlabl><attalias Sync="TRUE">Shape</attalias><attrtype Sync="TRUE">Geometry</attrtype><attwidth Sync="TRUE">0</attwidth><atprecis Sync="TRUE">0</atprecis><attscale Sync="TRUE">0</attscale><attrdef Sync="TRUE">Feature geometry.</attrdef><attrdefs Sync="TRUE">Esri</attrdefs><attrdomv><udom Sync="TRUE">Coordinates defining the features.</udom></attrdomv></attr><attr><attrlabl Sync="TRUE">OBJECTID</attrlabl><attalias Sync="TRUE">OBJECTID</attalias><attrtype Sync="TRUE">Integer</attrtype><attwidth Sync="TRUE">10</attwidth><atprecis Sync="TRUE">10</atprecis><attscale Sync="TRUE">0</attscale></attr><attr><attrlabl Sync="TRUE">NAMOBJ</attrlabl><attalias Sync="TRUE">NAMOBJ</attalias><attrtype Sync="TRUE">String</attrtype><attwidth Sync="TRUE">250</attwidth><atprecis Sync="TRUE">0</atprecis><attscale Sync="TRUE">0</attscale></attr><attr><attrlabl Sync="TRUE">ORDE01</attrlabl><attalias Sync="TRUE">ORDE01</attalias><attrtype Sync="TRUE">Integer</attrtype><attwidth Sync="TRUE">10</attwidth><atprecis Sync="TRUE">10</atprecis><attscale Sync="TRUE">0</attscale></attr><attr><attrlabl Sync="TRUE">ORDE02</attrlabl><attalias Sync="TRUE">ORDE02</attalias><attrtype Sync="TRUE">Integer</attrtype><attwidth Sync="TRUE">10</attwidth><atprecis Sync="TRUE">10</atprecis><attscale Sync="TRUE">0</attscale></attr><attr><attrlabl Sync="TRUE">ORDE03</attrlabl><attalias Sync="TRUE">ORDE03</attalias><attrtype Sync="TRUE">Integer</attrtype><attwidth Sync="TRUE">10</attwidth><atprecis Sync="TRUE">10</atprecis><attscale Sync="TRUE">0</attscale></attr><attr><attrlabl Sync="TRUE">ORDE04</attrlabl><attalias Sync="TRUE">ORDE04</attalias><attrtype Sync="TRUE">Integer</attrtype><attwidth Sync="TRUE">10</attwidth><atprecis Sync="TRUE">10</atprecis><attscale Sync="TRUE">0</attscale></attr><attr><attrlabl Sync="TRUE">JNSRSR</attrlabl><attalias Sync="TRUE">JNSRSR</attalias><attrtype Sync="TRUE">Integer</attrtype><attwidth Sync="TRUE">10</attwidth><atprecis Sync="TRUE">10</atprecis><attscale Sync="TRUE">0</attscale></attr><attr><attrlabl Sync="TRUE">STSJRN</attrlabl><attalias Sync="TRUE">STSJRN</attalias><attrtype Sync="TRUE">Integer</attrtype><attwidth Sync="TRUE">10</attwidth><atprecis Sync="TRUE">10</atprecis><attscale Sync="TRUE">0</attscale></attr><attr><attrlabl Sync="TRUE">WADMPR</attrlabl><attalias Sync="TRUE">WADMPR</attalias><attrtype Sync="TRUE">String</attrtype><attwidth Sync="TRUE">250</attwidth><atprecis Sync="TRUE">0</atprecis><attscale Sync="TRUE">0</attscale></attr><attr><attrlabl Sync="TRUE">REMARK</attrlabl><attalias Sync="TRUE">REMARK</attalias><attrtype Sync="TRUE">String</attrtype><attwidth Sync="TRUE">250</attwidth><atprecis Sync="TRUE">0</atprecis><attscale Sync="TRUE">0</attscale></attr><attr><attrlabl Sync="TRUE">SBDATA</attrlabl><attalias Sync="TRUE">SBDATA</attalias><attrtype Sync="TRUE">String</attrtype><attwidth Sync="TRUE">250</attwidth><atprecis Sync="TRUE">0</atprecis><attscale Sync="TRUE">0</attscale></attr><attr><attrlabl Sync="TRUE">SHAPE_Leng</attrlabl><attalias Sync="TRUE">SHAPE_Leng</attalias><attrtype Sync="TRUE">Double</attrtype><attwidth Sync="TRUE">19</attwidth><atprecis Sync="TRUE">0</atprecis><attscale Sync="TRUE">0</attscale></attr><attr><attrlabl Sync="TRUE">Keterangan</attrlabl><attalias Sync="TRUE">Keterangan</attalias><attrtype Sync="TRUE">String</attrtype><attwidth Sync="TRUE">90</attwidth><atprecis Sync="TRUE">0</atprecis><attscale Sync="TRUE">0</attscale></attr></detailed></eainfo><mdDateSt Sync="TRUE">20241111</mdDateSt></metadata>
