<?xml version="1.0" encoding="UTF-8"?>
<metadata xml:lang="en"><Esri><CreaDate>20230207</CreaDate><CreaTime>15102800</CreaTime><ArcGISFormat>1.0</ArcGISFormat><SyncOnce>FALSE</SyncOnce><DataProperties><lineage><Process ToolSource="C:\Program Files\ArcGIS\Desktop10.0\ArcToolbox\Toolboxes\Data Management Tools.tbx\DefineProjection" Date="20130112" Time="082349">DefineProjection RZWP3K_KALSEL2 PROJCS['WGS_1984_UTM_Zone_50S',GEOGCS['GCS_WGS_1984',DATUM['D_WGS_1984',SPHEROID['WGS_1984',6378137.0,298.257223563]],PRIMEM['Greenwich',0.0],UNIT['Degree',0.0174532925199433]],PROJECTION['Transverse_Mercator'],PARAMETER['False_Easting',500000.0],PARAMETER['False_Northing',10000000.0],PARAMETER['Central_Meridian',117.0],PARAMETER['Scale_Factor',0.9996],PARAMETER['Latitude_Of_Origin',0.0],UNIT['Meter',1.0]]</Process><Process ToolSource="C:\Program Files\ArcGIS\Desktop10.0\ArcToolbox\Toolboxes\Data Management Tools.tbx\CalculateField" Date="20131214" Time="185832">CalculateField RZWP3K_KALSEL_Des2013 ZONA "Pertanian" VB #</Process><Process ToolSource="C:\Program Files\ArcGIS\Desktop10.0\ArcToolbox\Toolboxes\Data Management Tools.tbx\CalculateField" Date="20131214" Time="185852">CalculateField RZWP3K_KALSEL_Des2013 RZWP3K "Kawasan Budidaya Tanaman Tahunan Perkebunan" VB #</Process><Process ToolSource="C:\Program Files\ArcGIS\Desktop10.0\ArcToolbox\Toolboxes\Data Management Tools.tbx\CalculateField" Date="20140103" Time="114122">CalculateField RZWP3K_KALSEL2014-2034 ZONA "Pertanian" VB #</Process><Process ToolSource="c:\program files (x86)\arcgis\desktop10.4\ArcToolbox\Toolboxes\Data Management Tools.tbx\CalculateField" Date="20161109" Time="142901">CalculateField DRAFT_AWAL_ed RZWP3K "Pelagis dan Demersal" VB #</Process><Process ToolSource="c:\program files (x86)\arcgis\desktop10.4\ArcToolbox\Toolboxes\Data Management Tools.tbx\CalculateField" Date="20161109" Time="142924">CalculateField DRAFT_AWAL_ed RZWP3K "Pelagis dan Demersal" VB #</Process><Process ToolSource="c:\program files (x86)\arcgis\desktop10.4\ArcToolbox\Toolboxes\Data Management Tools.tbx\CalculateField" Date="20161109" Time="143454">CalculateField DRAFT_AWAL_ed RZWP3K "DLKr-DLKp" VB #</Process><Process ToolSource="c:\program files (x86)\arcgis\desktop10.4\ArcToolbox\Toolboxes\Data Management Tools.tbx\CalculateField" Date="20161109" Time="143805">CalculateField DRAFT_AWAL_ed RZWP3K "DLKr-DLKp" VB #</Process><Process ToolSource="c:\program files (x86)\arcgis\desktop10.4\ArcToolbox\Toolboxes\Data Management Tools.tbx\CalculateField" Date="20161119" Time="012813">CalculateField DRAFT_RZWP3K_KALSEL TOPONIMI "4 MIL LAUT" VB #</Process><Process ToolSource="c:\program files (x86)\arcgis\desktop10.4\ArcToolbox\Toolboxes\Data Management Tools.tbx\CalculateField" Date="20161119" Time="014347">CalculateField DRAFT_RZWP3K_KALSEL KAWASAN "KAWASAN PEMANFAATAN UMUM" VB #</Process><Process ToolSource="c:\program files (x86)\arcgis\desktop10.4\ArcToolbox\Toolboxes\Data Management Tools.tbx\CalculateField" Date="20161119" Time="023351">CalculateField DRAFT_RZWP3K_KALSEL ZONA "Perikanan Tangkap" VB #</Process><Process ToolSource="c:\program files (x86)\arcgis\desktop10.4\ArcToolbox\Toolboxes\Data Management Tools.tbx\CalculateField" Date="20161119" Time="024511">CalculateField DRAFT_RZWP3K_KALSEL TOPONIMI "4 MIL LAUT" VB #</Process><Process ToolSource="c:\program files (x86)\arcgis\desktop10.4\ArcToolbox\Toolboxes\Data Management Tools.tbx\CalculateField" Date="20161119" Time="025156">CalculateField DRAFT_RZWP3K_KALSEL KAWASAN "KAWASAN KONSERVASI PERAIRAN" VB #</Process><Process ToolSource="c:\program files (x86)\arcgis\desktop10.4\ArcToolbox\Toolboxes\Data Management Tools.tbx\CalculateField" Date="20161119" Time="025220">CalculateField DRAFT_RZWP3K_KALSEL ZONA [RZWP3K] VB #</Process><Process ToolSource="c:\program files (x86)\arcgis\desktop10.4\ArcToolbox\Toolboxes\Data Management Tools.tbx\CalculateField" Date="20161119" Time="030514">CalculateField DRAFT_RZWP3K_KALSEL KAWASAN "KAWASAN KONSERVASI PERAIRAN" VB #</Process><Process ToolSource="c:\program files (x86)\arcgis\desktop10.4\ArcToolbox\Toolboxes\Data Management Tools.tbx\CalculateField" Date="20161119" Time="030834">CalculateField DRAFT_RZWP3K_KALSEL SUB_ZONA [RZWP3K] VB #</Process><Process ToolSource="c:\program files (x86)\arcgis\desktop10.4\ArcToolbox\Toolboxes\Data Management Tools.tbx\CalculateField" Date="20161120" Time="225746">CalculateField DRAFT_RZWP3K_KALSEL SUB_ZONA "Inti" VB #</Process><Process ToolSource="c:\program files (x86)\arcgis\desktop10.4\ArcToolbox\Toolboxes\Data Management Tools.tbx\CalculateField" Date="20161121" Time="011310">CalculateField DRAFT_RZWP3K_KALSEL SUB_ZONA "DLKp" VB #</Process><Process ToolSource="c:\program files (x86)\arcgis\desktop10.5\ArcToolbox\Toolboxes\Data Management Tools.tbx\CalculateField" Date="20170627" Time="211704">CalculateField REK_KLHS_RZWP3K_KALSEL KABUPATEN "Tanah Laut" VB #</Process><Process ToolSource="c:\program files (x86)\arcgis\desktop10.5\ArcToolbox\Toolboxes\Data Management Tools.tbx\CalculateField" Date="20170627" Time="211857">CalculateField REK_KLHS_RZWP3K_KALSEL KABUPATEN "Tanah Bumbu" VB #</Process><Process ToolSource="c:\program files (x86)\arcgis\desktop10.5\ArcToolbox\Toolboxes\Data Management Tools.tbx\CalculateField" Date="20170627" Time="212044">CalculateField REK_KLHS_RZWP3K_KALSEL KABUPATEN "Kotabaru" VB #</Process><Process ToolSource="c:\program files (x86)\arcgis\desktop10.5\ArcToolbox\Toolboxes\Data Management Tools.tbx\CalculateField" Date="20170627" Time="212055">CalculateField REK_KLHS_RZWP3K_KALSEL KABUPATEN "Kotabaru" VB #</Process><Process ToolSource="c:\program files (x86)\arcgis\desktop10.5\ArcToolbox\Toolboxes\Data Management Tools.tbx\CalculateField" Date="20170627" Time="212354">CalculateField REK_KLHS_RZWP3K_KALSEL KABUPATEN "Kotabaru" VB #</Process><Process ToolSource="c:\program files (x86)\arcgis\desktop10.5\ArcToolbox\Toolboxes\Data Management Tools.tbx\CalculateField" Date="20170628" Time="173942">CalculateField Luas_mer RZWP3K [ZONA] VB #</Process><Process ToolSource="c:\program files (x86)\arcgis\desktop10.5\ArcToolbox\Toolboxes\Data Management Tools.tbx\CalculateField" Date="20170628" Time="174828">CalculateField Luas_mer KLHS "Zona II" VB #</Process><Process ToolSource="c:\program files (x86)\arcgis\desktop10.5\ArcToolbox\Toolboxes\Data Management Tools.tbx\CalculateField" Date="20170628" Time="174956">CalculateField Luas_mer KLHS [SUB_ZONA] VB #</Process><Process ToolSource="c:\program files (x86)\arcgis\desktop10.5\ArcToolbox\Toolboxes\Data Management Tools.tbx\CalculateField" Date="20170628" Time="175046">CalculateField Luas_mer KLHS "Perikanan Tangkap II" VB #</Process><Process ToolSource="c:\program files (x86)\arcgis\desktop10.5\ArcToolbox\Toolboxes\Data Management Tools.tbx\CalculateField" Date="20171008" Time="230257">CalculateField REK_RUANGLAUT_RZWP3K_KALSEL_OKT17 KAWASAN "KAWASAN PEMANFAATAN UMUM" VB #</Process><Process ToolSource="c:\program files (x86)\arcgis\desktop10.5\ArcToolbox\Toolboxes\Data Management Tools.tbx\CalculateField" Date="20171008" Time="230316">CalculateField REK_RUANGLAUT_RZWP3K_KALSEL_OKT17 ZONA "Pelabuhan" VB #</Process><Process ToolSource="c:\program files (x86)\arcgis\desktop10.5\ArcToolbox\Toolboxes\Data Management Tools.tbx\CalculateField" Date="20171008" Time="230401">CalculateField REK_RUANGLAUT_RZWP3K_KALSEL_OKT17 KLHS "DLKr-DLKp" VB #</Process><Process ToolSource="c:\program files (x86)\arcgis\desktop10.5\ArcToolbox\Toolboxes\Data Management Tools.tbx\CalculateField" Date="20171008" Time="230448">CalculateField REK_RUANGLAUT_RZWP3K_KALSEL_OKT17 KLHS "DLKr-DLKp" VB #</Process><Process ToolSource="c:\program files (x86)\arcgis\desktop10.5\ArcToolbox\Toolboxes\Data Management Tools.tbx\CalculateField" Date="20171008" Time="230533">CalculateField REK_RUANGLAUT_RZWP3K_KALSEL_OKT17 KLHS "DLKr-DLKp" VB #</Process><Process ToolSource="c:\program files (x86)\arcgis\desktop10.5\ArcToolbox\Toolboxes\Data Management Tools.tbx\CalculateField" Date="20171008" Time="230549">CalculateField REK_RUANGLAUT_RZWP3K_KALSEL_OKT17 ZONA "Pelabuhan" VB #</Process><Process ToolSource="c:\program files (x86)\arcgis\desktop10.5\ArcToolbox\Toolboxes\Data Management Tools.tbx\CalculateField" Date="20171008" Time="230603">CalculateField REK_RUANGLAUT_RZWP3K_KALSEL_OKT17 KAWASAN "KAWASAN PEMANFAATAN UMUM" VB #</Process><Process ToolSource="c:\program files (x86)\arcgis\desktop10.5\ArcToolbox\Toolboxes\Data Management Tools.tbx\CalculateField" Date="20171019" Time="235347">CalculateField REK_RUANGLAUT_RZWP3K_KALSEL_OKT2017 KKP_23_16 [SUB_ZONA] VB #</Process><Process ToolSource="c:\program files (x86)\arcgis\desktop10.5\ArcToolbox\Toolboxes\Data Management Tools.tbx\CalculateField" Date="20171020" Time="001007">CalculateField REK_RUANGLAUT_RZWP3K_KALSEL_OKT2017 KKP_23_16 "Budidaya Laut" VB #</Process><Process ToolSource="c:\program files (x86)\arcgis\desktop10.5\ArcToolbox\Toolboxes\Data Management Tools.tbx\CalculateField" Date="20171020" Time="010911">CalculateField REK_RUANGLAUT_RZWP3K_KALSEL_OKT2017 KKP_23_16 [KLHS] VB #</Process><Process ToolSource="c:\program files (x86)\arcgis\desktop10.5\ArcToolbox\Toolboxes\Data Management Tools.tbx\CalculateField" Date="20171020" Time="011007">CalculateField REK_RUANGLAUT_RZWP3K_KALSEL_OKT2017 KKP_23_16 [KLHS] VB #</Process><Process ToolSource="c:\program files (x86)\arcgis\desktop10.5\ArcToolbox\Toolboxes\Data Management Tools.tbx\CalculateField" Date="20171020" Time="013657">CalculateField REK_RUANGLAUT_RZWP3K_KALSEL_OKT2017 KKP_23_16 [SUB_ZONA] VB #</Process><Process ToolSource="c:\program files (x86)\arcgis\desktop10.5\ArcToolbox\Toolboxes\Data Management Tools.tbx\CalculateField" Date="20171020" Time="022656">CalculateField REK_RUANGLAUT_RZWP3K_KALSEL_OKT2017 KKP_23_16 "Demersal" VB #</Process><Process ToolSource="c:\program files (x86)\arcgis\desktop10.5\ArcToolbox\Toolboxes\Data Management Tools.tbx\CalculateField" Date="20171024" Time="180856">CalculateField REK_RUANGLAUT_RZWP3K_KALSEL_OKT2017 Pasca_24ok [KKP_23_16] VB #</Process><Process ToolSource="c:\program files (x86)\arcgis\desktop10.5\ArcToolbox\Toolboxes\Data Management Tools.tbx\CalculateField" Date="20171024" Time="180935">CalculateField REK_RUANGLAUT_RZWP3K_KALSEL_OKT2017 Pasca_24ok "Pelagis dan Demersal" VB #</Process><Process ToolSource="c:\program files (x86)\arcgis\desktop10.5\ArcToolbox\Toolboxes\Data Management Tools.tbx\CalculateField" Date="20171024" Time="181024">CalculateField REK_RUANGLAUT_RZWP3K_KALSEL_OKT2017 Pasca_24ok "Pelagis dan Demersal" VB #</Process><Process ToolSource="c:\program files (x86)\arcgis\desktop10.5\ArcToolbox\Toolboxes\Data Management Tools.tbx\CalculateField" Date="20171024" Time="181137">CalculateField REK_RUANGLAUT_RZWP3K_KALSEL_OKT2017 Pasca_24ok "Pemanfaatan" VB #</Process><Process ToolSource="c:\program files (x86)\arcgis\desktop10.5\ArcToolbox\Toolboxes\Data Management Tools.tbx\CalculateField" Date="20171024" Time="181410">CalculateField REK_RUANGLAUT_RZWP3K_KALSEL_OKT2017 Pasca_24ok "Pemanfaatan" VB #</Process><Process ToolSource="c:\program files (x86)\arcgis\desktop10.5\ArcToolbox\Toolboxes\Data Management Tools.tbx\CalculateField" Date="20171024" Time="234611">CalculateField RZWP3K_KALSEL_PASCAOKT17 KAWASAN "ALUR" VB #</Process><Process ToolSource="c:\program files (x86)\arcgis\desktop10.5\ArcToolbox\Toolboxes\Data Management Tools.tbx\CalculateField" Date="20171024" Time="234704">CalculateField RZWP3K_KALSEL_PASCAOKT17 Pasca_24ok "Pipa/Kabel bawah Laut" VB #</Process><Process ToolSource="c:\program files (x86)\arcgis\desktop10.5\ArcToolbox\Toolboxes\Data Management Tools.tbx\CalculateField" Date="20171029" Time="001943">CalculateField RZWP3K_KALSEL_PASCAOKT17 Pasca_24ok "Sub Zona Budidaya Laut" VB #</Process><Process ToolSource="c:\program files (x86)\arcgis\desktop10.5\ArcToolbox\Toolboxes\Data Management Tools.tbx\CalculateField" Date="20171029" Time="002007">CalculateField RZWP3K_KALSEL_PASCAOKT17 Pasca_24ok "Sub Zona DLKr-DLKp" VB #</Process><Process ToolSource="c:\program files (x86)\arcgis\desktop10.5\ArcToolbox\Toolboxes\Data Management Tools.tbx\CalculateField" Date="20171029" Time="002027">CalculateField RZWP3K_KALSEL_PASCAOKT17 Pasca_24ok "Zona Inti" VB #</Process><Process ToolSource="c:\program files (x86)\arcgis\desktop10.5\ArcToolbox\Toolboxes\Data Management Tools.tbx\CalculateField" Date="20171029" Time="002040">CalculateField RZWP3K_KALSEL_PASCAOKT17 Pasca_24ok [ZONA] VB #</Process><Process ToolSource="c:\program files (x86)\arcgis\desktop10.5\ArcToolbox\Toolboxes\Data Management Tools.tbx\CalculateField" Date="20171029" Time="002111">CalculateField RZWP3K_KALSEL_PASCAOKT17 Pasca_24ok "Sub Zona Pelagis dan Demersal" VB #</Process><Process ToolSource="c:\program files (x86)\arcgis\desktop10.5\ArcToolbox\Toolboxes\Data Management Tools.tbx\CalculateField" Date="20171029" Time="002131">CalculateField RZWP3K_KALSEL_PASCAOKT17 Pasca_24ok [ZONA] VB #</Process><Process ToolSource="c:\program files (x86)\arcgis\desktop10.5\ArcToolbox\Toolboxes\Data Management Tools.tbx\CalculateField" Date="20171029" Time="010951">CalculateField RZWP3K_KALSEL_PASCAOKT17 Pasca_24ok "Zona Pemanfaatan Terbatas" VB #</Process><Process ToolSource="c:\program files (x86)\arcgis\desktop10.5\ArcToolbox\Toolboxes\Data Management Tools.tbx\CalculateField" Date="20171029" Time="011252">CalculateField RZWP3K_KALSEL_PASCAOKT17 Pasca_24ok "Sub Zona Wisata Alam Pantai/Pesisir dan PPK" VB #</Process><Process ToolSource="c:\program files (x86)\arcgis\desktop10.5\ArcToolbox\Toolboxes\Data Management Tools.tbx\CalculateField" Date="20171029" Time="023822">CalculateField RZWP3K_KALSEL_PASCAOKT17 ZONA "Taman Wisata Perairan" VB #</Process><Process ToolSource="c:\program files (x86)\arcgis\desktop10.5\ArcToolbox\Toolboxes\Data Management Tools.tbx\CalculateField" Date="20171029" Time="023905">CalculateField RZWP3K_KALSEL_PASCAOKT17 ZONA "Zona Perikanan Tangkap" VB #</Process><Process ToolSource="c:\program files (x86)\arcgis\desktop10.5\ArcToolbox\Toolboxes\Data Management Tools.tbx\CalculateField" Date="20171029" Time="023922">CalculateField RZWP3K_KALSEL_PASCAOKT17 ZONA "Zona Perikanan Budidaya" VB #</Process><Process ToolSource="c:\program files (x86)\arcgis\desktop10.5\ArcToolbox\Toolboxes\Data Management Tools.tbx\CalculateField" Date="20171029" Time="023945">CalculateField RZWP3K_KALSEL_PASCAOKT17 ZONA "Zona Pelabuhan" VB #</Process><Process ToolSource="c:\program files (x86)\arcgis\desktop10.5\ArcToolbox\Toolboxes\Data Management Tools.tbx\CalculateField" Date="20171029" Time="024006">CalculateField RZWP3K_KALSEL_PASCAOKT17 ZONA "Zona Pariwisata" VB #</Process><Process ToolSource="c:\program files (x86)\arcgis\desktop10.5\ArcToolbox\Toolboxes\Data Management Tools.tbx\CalculateField" Date="20171029" Time="024049">CalculateField RZWP3K_KALSEL_PASCAOKT17 ZONA "Kawasan Konservasi Pesisir danPulau-Pulau Kecil" VB #</Process><Process ToolSource="c:\program files (x86)\arcgis\desktop10.5\ArcToolbox\Toolboxes\Data Management Tools.tbx\CalculateField" Date="20171029" Time="033338">CalculateField RZWP3K_KALSEL_PASCAOKT17 KODE KK-KKP-TWP-01 VB #</Process><Process ToolSource="c:\program files (x86)\arcgis\desktop10.5\ArcToolbox\Toolboxes\Data Management Tools.tbx\CalculateField" Date="20171029" Time="033354">CalculateField RZWP3K_KALSEL_PASCAOKT17 KODE "KK-KKP-TWP-01" VB #</Process><Process ToolSource="c:\program files (x86)\arcgis\desktop10.5\ArcToolbox\Toolboxes\Data Management Tools.tbx\CalculateField" Date="20171029" Time="033518">CalculateField RZWP3K_KALSEL_PASCAOKT17 KODE "KK-KKP-TWP-02" VB #</Process><Process ToolSource="c:\program files (x86)\arcgis\desktop10.5\ArcToolbox\Toolboxes\Data Management Tools.tbx\CalculateField" Date="20171029" Time="162752">CalculateField RZWP3K_KALSEL_ZONA_KPU ZONA "Permukiman" VB #</Process><Process ToolSource="c:\program files (x86)\arcgis\desktop10.5\ArcToolbox\Toolboxes\Data Management Tools.tbx\CalculateField" Date="20171029" Time="162802">CalculateField RZWP3K_KALSEL_ZONA_KPU ZONA "Zona Permukiman" VB #</Process><Process ToolSource="c:\program files (x86)\arcgis\desktop10.5\ArcToolbox\Toolboxes\Data Management Tools.tbx\CalculateField" Date="20171030" Time="015753">CalculateField RZWP3K_KALSEL_PASCAOKT17_SUBZONA_ALL ZONA "Kawasan Konservasi Pesisir dan Pulau-Pulau Kecil" VB #</Process><Process ToolSource="c:\program files (x86)\arcgis\desktop10.5\ArcToolbox\Toolboxes\Data Management Tools.tbx\CalculateField" Date="20171030" Time="032216">CalculateField SUBZONA_KPU NAMA [KODE] VB #</Process><Process ToolSource="c:\program files (x86)\arcgis\desktop10.5\ArcToolbox\Toolboxes\Data Management Tools.tbx\CalculateField" Date="20171030" Time="032334">CalculateField SUBZONA_KPU NAMA KK-KKP-TWP VB #</Process><Process ToolSource="c:\program files (x86)\arcgis\desktop10.5\ArcToolbox\Toolboxes\Data Management Tools.tbx\CalculateField" Date="20171030" Time="032350">CalculateField SUBZONA_KPU NAMA "KK-KKP-TWP" VB #</Process><Process ToolSource="c:\program files (x86)\arcgis\desktop10.5\ArcToolbox\Toolboxes\Data Management Tools.tbx\CalculateField" Date="20171030" Time="032502">CalculateField SUBZONA_KPU NAMA "KK-KKP-TWP" VB #</Process><Process ToolSource="c:\program files (x86)\arcgis\desktop10.5\ArcToolbox\Toolboxes\Data Management Tools.tbx\CalculateField" Date="20171030" Time="032523">CalculateField SUBZONA_KPU NAMA "KK-KKP3K" VB #</Process><Process ToolSource="c:\program files (x86)\arcgis\desktop10.5\ArcToolbox\Toolboxes\Data Management Tools.tbx\CalculateField" Date="20171030" Time="032601">CalculateField SUBZONA_KPU NAMA "KPU-BD" VB #</Process><Process ToolSource="c:\program files (x86)\arcgis\desktop10.5\ArcToolbox\Toolboxes\Data Management Tools.tbx\CalculateField" Date="20171030" Time="032622">CalculateField SUBZONA_KPU NAMA "KPU-PL" VB #</Process><Process ToolSource="c:\program files (x86)\arcgis\desktop10.5\ArcToolbox\Toolboxes\Data Management Tools.tbx\CalculateField" Date="20171030" Time="032701">CalculateField SUBZONA_KPU NAMA "KPU-PM" VB #</Process><Process ToolSource="c:\program files (x86)\arcgis\desktop10.5\ArcToolbox\Toolboxes\Data Management Tools.tbx\CalculateField" Date="20171030" Time="032834">CalculateField SUBZONA_KPU KODE "KPU-PM-PN-01" VB #</Process><Process ToolSource="c:\program files (x86)\arcgis\desktop10.5\ArcToolbox\Toolboxes\Data Management Tools.tbx\CalculateField" Date="20171030" Time="032950">CalculateField SUBZONA_KPU NAMA "KPU-W" VB #</Process><Process ToolSource="c:\program files (x86)\arcgis\desktop10.5\ArcToolbox\Toolboxes\Data Management Tools.tbx\CalculateField" Date="20171030" Time="033014">CalculateField SUBZONA_KPU NAMA "KPU-PT" VB #</Process><Process ToolSource="c:\program files (x86)\arcgis\desktop10.5\ArcToolbox\Toolboxes\Data Management Tools.tbx\CalculateField" Date="20171102" Time="132426">CalculateField RZWP3K_KALSEL_ZONA_KK Pasca_24ok "Kawasan Konservasi Pesisir dan Pulau-Pulau Kecil" VB #</Process><Process ToolSource="c:\program files (x86)\arcgis\desktop10.5\ArcToolbox\Toolboxes\Data Management Tools.tbx\CalculateField" Date="20171210" Time="132512">CalculateField TEMATIK\RZWP3K_KALSEL_ZONA_KPU SUB_ZONA [Pasca_24ok] VB #</Process><Process ToolSource="c:\program files (x86)\arcgis\desktop10.5\ArcToolbox\Toolboxes\Data Management Tools.tbx\CalculateField" Date="20171210" Time="132612">CalculateField TEMATIK\RZWP3K_KALSEL_ZONA_KPU SUB_ZONA "Kawasan Konservasi Perairan" VB #</Process><Process ToolSource="c:\program files (x86)\arcgis\desktop10.5\ArcToolbox\Toolboxes\Data Management Tools.tbx\CalculateField" Date="20171216" Time="163359">CalculateField TEMATIK\RZWP3K_KALSEL_ZONA_KK NAMA KKP3K VB #</Process><Process ToolSource="c:\program files (x86)\arcgis\desktop10.5\ArcToolbox\Toolboxes\Data Management Tools.tbx\CalculateField" Date="20171216" Time="163414">CalculateField TEMATIK\RZWP3K_KALSEL_ZONA_KK NAMA "KKP3K" VB #</Process><Process ToolSource="c:\program files (x86)\arcgis\desktop10.5\ArcToolbox\Toolboxes\Data Management Tools.tbx\CalculateField" Date="20171216" Time="163450">CalculateField TEMATIK\RZWP3K_KALSEL_ZONA_KK NAMA "KKP" VB #</Process><Process ToolSource="c:\program files (x86)\arcgis\desktop10.5\ArcToolbox\Toolboxes\Data Management Tools.tbx\CalculateField" Date="20171216" Time="175704">CalculateField TEMATIK\RZWP3K_KALSEL_ZONA_KK ZONA "Kawasan Konservasi Perairan" VB #</Process><Process ToolSource="c:\program files (x86)\arcgis\desktop10.5\ArcToolbox\Toolboxes\Data Management Tools.tbx\CalculateField" Date="20171216" Time="211920">CalculateField RZWP3K_KALSEL_PASCAOKT17 Pasca_24ok "Kawasan Konservasi Perairan" VB #</Process><Process ToolSource="c:\program files (x86)\arcgis\desktop10.5\ArcToolbox\Toolboxes\Data Management Tools.tbx\CalculateField" Date="20171224" Time="005136">CalculateField RZWP3K_KALSEL_PASCAOKT17 Pasca_24ok [SUB_ZONA] VB #</Process><Process ToolSource="c:\program files (x86)\arcgis\desktop10.5\ArcToolbox\Toolboxes\Data Management Tools.tbx\CalculateField" Date="20180111" Time="004051">CalculateField ALOKASI_RUANG_LAUT PROVINSI "Kalimantan Selatan" VB #</Process><Process ToolSource="c:\program files (x86)\arcgis\desktop10.5\ArcToolbox\Toolboxes\Data Management Tools.tbx\CalculateField" Date="20180110" Time="124742">CalculateField ALOKASI_RUANG_LAUT KAWASAN_1 [KAWASAN] VB #</Process><Process ToolSource="c:\program files (x86)\arcgis\desktop10.5\ArcToolbox\Toolboxes\Data Management Tools.tbx\CalculateField" Date="20180110" Time="124823">CalculateField ALOKASI_RUANG_LAUT KAWASAN [KAWASAN_1] VB #</Process><Process ToolSource="c:\program files (x86)\arcgis\desktop10.5\ArcToolbox\Toolboxes\Data Management Tools.tbx\CalculateField" Date="20180110" Time="124905">CalculateField ALOKASI_RUANG_LAUT ZONA_1 [ZONA] VB #</Process><Process ToolSource="c:\program files (x86)\arcgis\desktop10.5\ArcToolbox\Toolboxes\Data Management Tools.tbx\CalculateField" Date="20180110" Time="124945">CalculateField ALOKASI_RUANG_LAUT ZONA [ZONA_1] VB #</Process><Process ToolSource="c:\program files (x86)\arcgis\desktop10.5\ArcToolbox\Toolboxes\Data Management Tools.tbx\CalculateField" Date="20180110" Time="125037">CalculateField ALOKASI_RUANG_LAUT KODE_ZONA [NAMA] VB #</Process><Process ToolSource="c:\program files (x86)\arcgis\desktop10.5\ArcToolbox\Toolboxes\Data Management Tools.tbx\CalculateField" Date="20180110" Time="125108">CalculateField ALOKASI_RUANG_LAUT SUBZONA [SUB_ZONA] VB #</Process><Process ToolSource="c:\program files (x86)\arcgis\desktop10.5\ArcToolbox\Toolboxes\Data Management Tools.tbx\CalculateField" Date="20180110" Time="125258">CalculateField ALOKASI_RUANG_LAUT KODE_SZ [KODE] VB #</Process><Process ToolSource="c:\program files (x86)\arcgis\desktop10.5\ArcToolbox\Toolboxes\Data Management Tools.tbx\CalculateField" Date="20180110" Time="125342">CalculateField ALOKASI_RUANG_LAUT KETERANGAN [Lokasi] VB #</Process><Process ToolSource="c:\program files (x86)\arcgis\desktop10.5\ArcToolbox\Toolboxes\Data Management Tools.tbx\CalculateField" Date="20180110" Time="125448">CalculateField ALOKASI_RUANG_LAUT TAHUN 2018 VB #</Process><Process ToolSource="c:\program files (x86)\arcgis\desktop10.5\ArcToolbox\Toolboxes\Data Management Tools.tbx\CalculateField" Date="20180110" Time="125522">CalculateField ALOKASI_RUANG_LAUT STATUS "Dokumen Final" VB #</Process><Process ToolSource="c:\program files (x86)\arcgis\desktop10.5\ArcToolbox\Toolboxes\Data Management Tools.tbx\CalculateField" Date="20180110" Time="125553">CalculateField ALOKASI_RUANG_LAUT STA_PERDA "Belum Perda" VB #</Process><Process ToolSource="c:\program files (x86)\arcgis\desktop10.5\ArcToolbox\Toolboxes\Data Management Tools.tbx\CalculateField" Date="20180110" Time="130720">CalculateField ALOKASI_RUANG_LAUT KODE_ZONA [KODE_SZ] VB #</Process><Process ToolSource="c:\program files (x86)\arcgis\desktop10.5\ArcToolbox\Toolboxes\Data Management Tools.tbx\Project" Date="20180110" Time="164325">Project ALOKASI_RUANG_LAUT C:\Users\BAHARUDDIN\Documents\ArcGIS\Default.gdb\ALOKASI_RUANG_LAUT_Project GEOGCS['GCS_WGS_1984',DATUM['D_WGS_1984',SPHEROID['WGS_1984',6378137.0,298.257223563]],PRIMEM['Greenwich',0.0],UNIT['Degree',0.0174532925199433]] # PROJCS['WGS_1984_UTM_Zone_50S',GEOGCS['GCS_WGS_1984',DATUM['D_WGS_1984',SPHEROID['WGS_1984',6378137.0,298.257223563]],PRIMEM['Greenwich',0.0],UNIT['Degree',0.0174532925199433]],PROJECTION['Transverse_Mercator'],PARAMETER['False_Easting',500000.0],PARAMETER['False_Northing',10000000.0],PARAMETER['Central_Meridian',117.0],PARAMETER['Scale_Factor',0.9996],PARAMETER['Latitude_Of_Origin',0.0],UNIT['Meter',1.0]] NO_PRESERVE_SHAPE # NO_VERTICAL</Process><Process ToolSource="c:\program files (x86)\arcgis\desktop10.5\ArcToolbox\Toolboxes\Data Management Tools.tbx\Project" Date="20180110" Time="164409">Project ALOKASI_RUANG_LAUT_Project C:\Users\BAHARUDDIN\Documents\ArcGIS\Default.gdb\ALOKASI_RUANG_LAUT_Project_P PROJCS['WGS_1984_UTM_Zone_49S',GEOGCS['GCS_WGS_1984',DATUM['D_WGS_1984',SPHEROID['WGS_1984',6378137.0,298.257223563]],PRIMEM['Greenwich',0.0],UNIT['Degree',0.0174532925199433]],PROJECTION['Transverse_Mercator'],PARAMETER['False_Easting',500000.0],PARAMETER['False_Northing',10000000.0],PARAMETER['Central_Meridian',111.0],PARAMETER['Scale_Factor',0.9996],PARAMETER['Latitude_Of_Origin',0.0],UNIT['Meter',1.0]] # GEOGCS['GCS_WGS_1984',DATUM['D_WGS_1984',SPHEROID['WGS_1984',6378137.0,298.257223563]],PRIMEM['Greenwich',0.0],UNIT['Degree',0.0174532925199433]] NO_PRESERVE_SHAPE # NO_VERTICAL</Process><Process ToolSource="c:\program files (x86)\arcgis\desktop10.5\ArcToolbox\Toolboxes\Data Management Tools.tbx\CalculateField" Date="20180110" Time="165027">CalculateField ALOKASI_RUANG_LAUT_SAMPAH STA_PERDA "Belum Perda" VB #</Process><Process ToolSource="c:\program files (x86)\arcgis\desktop10.5\ArcToolbox\Toolboxes\Data Management Tools.tbx\CalculateField" Date="20180110" Time="165040">CalculateField ALOKASI_RUANG_LAUT_SAMPAH STATUS "Dokumen Final" VB #</Process><Process ToolSource="c:\program files (x86)\arcgis\desktop10.5\ArcToolbox\Toolboxes\Data Management Tools.tbx\CalculateField" Date="20180110" Time="165048">CalculateField ALOKASI_RUANG_LAUT_SAMPAH TAHUN 2018 VB #</Process><Process ToolSource="c:\program files (x86)\arcgis\desktop10.5\ArcToolbox\Toolboxes\Data Management Tools.tbx\CalculateField" Date="20180110" Time="165108">CalculateField ALOKASI_RUANG_LAUT_SAMPAH PROVINSI "Kalimantan Tengah" VB #</Process><Process ToolSource="c:\program files (x86)\arcgis\desktop10.5\ArcToolbox\Toolboxes\Data Management Tools.tbx\CalculateField" Date="20180110" Time="165343">CalculateField ALOKASI_RUANG_LAUT_SAMPAH2 KODE_ZONA [KODE_SZ] VB #</Process><Process ToolSource="c:\program files (x86)\arcgis\desktop10.5\ArcToolbox\Toolboxes\Data Management Tools.tbx\CalculateField" Date="20180110" Time="165407">CalculateField ALOKASI_RUANG_LAUT_SAMPAH2 KODE_ZONA [KODE_SZ] VB #</Process><Process ToolSource="c:\program files (x86)\arcgis\desktop10.5\ArcToolbox\Toolboxes\Data Management Tools.tbx\FeatureToLine" Date="20180110" Time="221826">FeatureToLine ALUR C:\Users\Baharuddin\Documents\ArcGIS\Default1.gdb\ALUR_FeatureToLine # ATTRIBUTES</Process><Process ToolSource="c:\program files (x86)\arcgis\desktop10.5\ArcToolbox\Toolboxes\Data Management Tools.tbx\CalculateField" Date="20180117" Time="145506">CalculateField ZONA\MIGRASI_BIOTA_ZONA KAWASAN "Alur Laut" VB #</Process><Process ToolSource="c:\program files (x86)\arcgis\desktop10.5\ArcToolbox\Toolboxes\Data Management Tools.tbx\CalculateField" Date="20180117" Time="145537">CalculateField ZONA\MIGRASI_BIOTA_ZONA TAHUN "2018" VB #</Process><Process ToolSource="c:\program files (x86)\arcgis\desktop10.5\ArcToolbox\Toolboxes\Data Management Tools.tbx\CalculateField" Date="20180118" Time="155126">CalculateField "SUB ZONA\MIGRASI_BIOTA_SUBZONA" STATUS "Dokumen Final" VB #</Process><Process ToolSource="c:\program files (x86)\arcgis\desktop10.8\ArcToolbox\Toolboxes\Data Management Tools.tbx\CalculateField" Date="20230207" Time="151240">CalculateField 06_ALUR_MIGRASI_BIOTA_LAUT SBDATA "Perda 1 Tahun 2019 tentang RZWP3K Prov. Kalimantan Tengah" VB #</Process><Process ToolSource="c:\program files (x86)\arcgis\desktop10.8\ArcToolbox\Toolboxes\Conversion Tools.tbx\FeatureClassToFeatureClass" Date="20241111" Time="083923">FeatureClassToFeatureClass 05_ALUR_MIGRASI_BIOTA_LAUT "C:\Users\Syafrizal Hidayat\Documents\KEGIATAN\Kuliah\Project Pak RK Web Kalteng\Shp\02_STRUKTUR WIL LAUT\save" 05_ALUR_MIGRASI_BIOTA_TANPA_Z.shp # "OBJECTID "OBJECTID" true true false 10 Long 0 10 ,First,#,05_ALUR_MIGRASI_BIOTA_LAUT,OBJECTID,-1,-1;KAWASAN "KAWASAN" true true false 50 Text 0 0 ,First,#,05_ALUR_MIGRASI_BIOTA_LAUT,KAWASAN,-1,-1;ZONA "ZONA" true true false 50 Text 0 0 ,First,#,05_ALUR_MIGRASI_BIOTA_LAUT,ZONA,-1,-1;KODE_ZONA "KODE_ZONA" true true false 25 Text 0 0 ,First,#,05_ALUR_MIGRASI_BIOTA_LAUT,KODE_ZONA,-1,-1;SUBZONA "SUBZONA" true true false 50 Text 0 0 ,First,#,05_ALUR_MIGRASI_BIOTA_LAUT,SUBZONA,-1,-1;KODE_SZ "KODE_SZ" true true false 30 Text 0 0 ,First,#,05_ALUR_MIGRASI_BIOTA_LAUT,KODE_SZ,-1,-1;KETERANGAN "KETERANGAN" true true false 100 Text 0 0 ,First,#,05_ALUR_MIGRASI_BIOTA_LAUT,KETERANGAN,-1,-1;SBDATA "SBDATA" true true false 250 Text 0 0 ,First,#,05_ALUR_MIGRASI_BIOTA_LAUT,SBDATA,-1,-1" #</Process></lineage><itemProps><itemLocation><linkage Sync="TRUE">file://\\LAPTOP-CRQOBVLR\C$\Users\Syafrizal Hidayat\Documents\KEGIATAN\Kuliah\Project Pak RK Web Kalteng\Shp\02_STRUKTUR WIL LAUT\save\05_ALUR_MIGRASI_BIOTA_TANPA_Z.shp</linkage><protocol Sync="TRUE">Local Area Network</protocol></itemLocation><itemName Sync="TRUE">05_ALUR_MIGRASI_BIOTA_TANPA_Z</itemName><imsContentType Sync="TRUE">002</imsContentType><itemSize Sync="TRUE">0.000</itemSize></itemProps><coordRef><type Sync="TRUE">Projected</type><geogcsn Sync="TRUE">GCS_WGS_1984</geogcsn><csUnits Sync="TRUE">Linear Unit: Meter (1.000000)</csUnits><projcsn Sync="TRUE">WGS_1984_UTM_Zone_49S</projcsn><peXml Sync="TRUE">&lt;ProjectedCoordinateSystem xsi:type='typens:ProjectedCoordinateSystem' xmlns:xsi='http://www.w3.org/2001/XMLSchema-instance' xmlns:xs='http://www.w3.org/2001/XMLSchema' xmlns:typens='http://www.esri.com/schemas/ArcGIS/10.7'&gt;&lt;WKT&gt;PROJCS[&amp;quot;WGS_1984_UTM_Zone_49S&amp;quot;,GEOGCS[&amp;quot;GCS_WGS_1984&amp;quot;,DATUM[&amp;quot;D_WGS_1984&amp;quot;,SPHEROID[&amp;quot;WGS_1984&amp;quot;,6378137.0,298.257223563]],PRIMEM[&amp;quot;Greenwich&amp;quot;,0.0],UNIT[&amp;quot;Degree&amp;quot;,0.0174532925199433]],PROJECTION[&amp;quot;Transverse_Mercator&amp;quot;],PARAMETER[&amp;quot;False_Easting&amp;quot;,500000.0],PARAMETER[&amp;quot;False_Northing&amp;quot;,10000000.0],PARAMETER[&amp;quot;Central_Meridian&amp;quot;,111.0],PARAMETER[&amp;quot;Scale_Factor&amp;quot;,0.9996],PARAMETER[&amp;quot;Latitude_Of_Origin&amp;quot;,0.0],UNIT[&amp;quot;Meter&amp;quot;,1.0],AUTHORITY[&amp;quot;EPSG&amp;quot;,32749]]&lt;/WKT&gt;&lt;XOrigin&gt;-5120900&lt;/XOrigin&gt;&lt;YOrigin&gt;1900&lt;/YOrigin&gt;&lt;XYScale&gt;450445547.3910538&lt;/XYScale&gt;&lt;ZOrigin&gt;-100000&lt;/ZOrigin&gt;&lt;ZScale&gt;10000&lt;/ZScale&gt;&lt;MOrigin&gt;-100000&lt;/MOrigin&gt;&lt;MScale&gt;10000&lt;/MScale&gt;&lt;XYTolerance&gt;0.001&lt;/XYTolerance&gt;&lt;ZTolerance&gt;0.001&lt;/ZTolerance&gt;&lt;MTolerance&gt;0.001&lt;/MTolerance&gt;&lt;HighPrecision&gt;true&lt;/HighPrecision&gt;&lt;WKID&gt;32749&lt;/WKID&gt;&lt;LatestWKID&gt;32749&lt;/LatestWKID&gt;&lt;/ProjectedCoordinateSystem&gt;</peXml></coordRef></DataProperties><SyncDate>20241111</SyncDate><SyncTime>08392100</SyncTime><ModDate>20241111</ModDate><ModTime>08392100</ModTime></Esri><dataIdInfo><envirDesc Sync="TRUE"> Version 6.2 (Build 9200) ; Esri ArcGIS 10.8.0.12790</envirDesc><dataLang><languageCode value="eng" Sync="TRUE"></languageCode><countryCode value="IDN" Sync="TRUE"></countryCode></dataLang><idCitation><resTitle Sync="TRUE">05_ALUR_MIGRASI_BIOTA_TANPA_Z</resTitle><presForm><PresFormCd value="005" Sync="TRUE"></PresFormCd></presForm></idCitation><spatRpType><SpatRepTypCd value="001" Sync="TRUE"></SpatRepTypCd></spatRpType></dataIdInfo><mdLang><languageCode value="eng" Sync="TRUE"></languageCode><countryCode value="IDN" Sync="TRUE"></countryCode></mdLang><distInfo><distFormat><formatName Sync="TRUE">Shapefile</formatName></distFormat><distTranOps><transSize Sync="TRUE">0.000</transSize></distTranOps></distInfo><mdHrLv><ScopeCd value="005" Sync="TRUE"></ScopeCd></mdHrLv><mdHrLvName Sync="TRUE">dataset</mdHrLvName><refSysInfo><RefSystem><refSysID><identCode code="32749" Sync="TRUE"></identCode><idCodeSpace Sync="TRUE">EPSG</idCodeSpace><idVersion Sync="TRUE">6.11.1(3.0.1)</idVersion></refSysID></RefSystem></refSysInfo><spatRepInfo><VectSpatRep><geometObjs Name="05_ALUR_MIGRASI_BIOTA_TANPA_Z"><geoObjTyp><GeoObjTypCd value="002" Sync="TRUE"></GeoObjTypCd></geoObjTyp><geoObjCnt Sync="TRUE">0</geoObjCnt></geometObjs><topLvl><TopoLevCd value="001" Sync="TRUE"></TopoLevCd></topLvl></VectSpatRep></spatRepInfo><spdoinfo><ptvctinf><esriterm Name="05_ALUR_MIGRASI_BIOTA_TANPA_Z"><efeatyp Sync="TRUE">Simple</efeatyp><efeageom code="3" Sync="TRUE"></efeageom><esritopo Sync="TRUE">FALSE</esritopo><efeacnt Sync="TRUE">0</efeacnt><spindex Sync="TRUE">FALSE</spindex><linrefer Sync="TRUE">FALSE</linrefer></esriterm></ptvctinf></spdoinfo><eainfo><detailed Name="05_ALUR_MIGRASI_BIOTA_TANPA_Z"><enttyp><enttypl Sync="TRUE">05_ALUR_MIGRASI_BIOTA_TANPA_Z</enttypl><enttypt Sync="TRUE">Feature Class</enttypt><enttypc Sync="TRUE">0</enttypc></enttyp><attr><attrlabl Sync="TRUE">FID</attrlabl><attalias Sync="TRUE">FID</attalias><attrtype Sync="TRUE">OID</attrtype><attwidth Sync="TRUE">4</attwidth><atprecis Sync="TRUE">0</atprecis><attscale Sync="TRUE">0</attscale><attrdef Sync="TRUE">Internal feature number.</attrdef><attrdefs Sync="TRUE">Esri</attrdefs><attrdomv><udom Sync="TRUE">Sequential unique whole numbers that are automatically generated.</udom></attrdomv></attr><attr><attrlabl Sync="TRUE">OBJECTID</attrlabl><attalias Sync="TRUE">OBJECTID</attalias><attrtype Sync="TRUE">Integer</attrtype><attwidth Sync="TRUE">10</attwidth><atprecis Sync="TRUE">10</atprecis><attscale Sync="TRUE">0</attscale><attrdef Sync="TRUE">Internal feature number.</attrdef><attrdefs Sync="TRUE">Esri</attrdefs><attrdomv><udom Sync="TRUE">Sequential unique whole numbers that are automatically generated.</udom></attrdomv></attr><attr><attrlabl Sync="TRUE">Shape</attrlabl><attalias Sync="TRUE">Shape</attalias><attrtype Sync="TRUE">Geometry</attrtype><attwidth Sync="TRUE">0</attwidth><atprecis Sync="TRUE">0</atprecis><attscale Sync="TRUE">0</attscale><attrdef Sync="TRUE">Feature geometry.</attrdef><attrdefs Sync="TRUE">Esri</attrdefs><attrdomv><udom Sync="TRUE">Coordinates defining the features.</udom></attrdomv></attr><attr><attrlabl Sync="TRUE">KAWASAN</attrlabl><attalias Sync="TRUE">KAWASAN</attalias><attrtype Sync="TRUE">String</attrtype><attwidth Sync="TRUE">50</attwidth><atprecis Sync="TRUE">0</atprecis><attscale Sync="TRUE">0</attscale></attr><attr><attrlabl Sync="TRUE">ZONA</attrlabl><attalias Sync="TRUE">ZONA</attalias><attrtype Sync="TRUE">String</attrtype><attwidth Sync="TRUE">50</attwidth><atprecis Sync="TRUE">0</atprecis><attscale Sync="TRUE">0</attscale></attr><attr><attrlabl Sync="TRUE">KODE_ZONA</attrlabl><attalias Sync="TRUE">KODE_ZONA</attalias><attrtype Sync="TRUE">String</attrtype><attwidth Sync="TRUE">25</attwidth><atprecis Sync="TRUE">0</atprecis><attscale Sync="TRUE">0</attscale></attr><attr><attrlabl Sync="TRUE">SUBZONA</attrlabl><attalias Sync="TRUE">SUBZONA</attalias><attrtype Sync="TRUE">String</attrtype><attwidth Sync="TRUE">50</attwidth><atprecis Sync="TRUE">0</atprecis><attscale Sync="TRUE">0</attscale></attr><attr><attrlabl Sync="TRUE">KODE_SZ</attrlabl><attalias Sync="TRUE">KODE_SZ</attalias><attrtype Sync="TRUE">String</attrtype><attwidth Sync="TRUE">30</attwidth><atprecis Sync="TRUE">0</atprecis><attscale Sync="TRUE">0</attscale></attr><attr><attrlabl Sync="TRUE">KETERANGAN</attrlabl><attalias Sync="TRUE">KETERANGAN</attalias><attrtype Sync="TRUE">String</attrtype><attwidth Sync="TRUE">100</attwidth><atprecis Sync="TRUE">0</atprecis><attscale Sync="TRUE">0</attscale></attr><attr><attrlabl Sync="TRUE">SBDATA</attrlabl><attalias Sync="TRUE">SBDATA</attalias><attrtype Sync="TRUE">String</attrtype><attwidth Sync="TRUE">250</attwidth><atprecis Sync="TRUE">0</atprecis><attscale Sync="TRUE">0</attscale></attr></detailed></eainfo><mdDateSt Sync="TRUE">20241111</mdDateSt><mdChar><CharSetCd value="004" Sync="TRUE"></CharSetCd></mdChar></metadata>
